# Shiren GB — translation file. Keyed on `loc`, one string per line.
#
# READ `TRANSLATING.md` FIRST. It covers the three storage classes, the measured
# per-renderer Dot Gothic limits, the character set, control tokens, and every error
# build/worklist.tsv can print. `VWF_BUDGETS.md` is the canonical fit register.
#
# KEY IS `loc` (bank:$addr), never the sequential id: ids are reassigned by sorted
# offset, so any change to extraction silently shifts an id-keyed file by one entry.
#
# Length: these are almost all table-referenced, so storage is not the limit — the tool
# relocates them. Display limits are measured per path: pixels, source staging, temporary
# tiles, and runtime substitutions. Do not infer one universal character/cell budget.
#
# loc	english

# ---- title / file menu ----
11:$5330	Adventure
11:$533B	New Log
11:$5344	Copy Log
11:$534D	Erase Log
11:$5355	Rename
11:$535E	Rank/Pass
11:$536E	Replay
11:$5374	Fay's Puzzles
11:$5387	Erase log?
11:$5398	Log

# ---- difficulty ----
11:$53A1	Easy
11:$53A6	Normal
11:$53AA	Hard
11:$5459	Expert

# ---- places ----
11:$53B1	Moonlight
11:$53B9	Forest
11:$53C1	Koma Cave
11:$53CB	Crags
11:$53D4	Kuyo Pass
11:$53DC	Dragon's Maw
11:$53E5	Orochi
11:$53ED	Moon Exit

# ---- in-game action menu ----
11:$53FA	Item
11:$5401	Floor
11:$5407	Trap
11:$540B	Stair
11:$5412	Map
11:$5418	Close
11:$541E	Exit
11:$5425	Quit
11:$542A	Down
11:$542F	Up
11:$5435	Go
11:$543A	Stay
11:$5440	Step
11:$5444	Rank
11:$544C	Pass

# ---- item action menu (bank 30), boxes 6 and 39.
# V4C restores boxes 6/39 to the Japanese x=13,w=5 geometry. Byte 0 remains the raw
# cursor cell, while the proportional reader scans the complete staged verb and paints
# it into the remaining 32px. `Remove` is the exact-edge 40px row including the cursor.
30:$7EC3	Eat
30:$7EC6	Read
30:$7EC9	Wave
30:$7ECC	See
30:$7ECF	Eat
30:$7ED4	Equip
30:$7ED9	Put
30:$7EDD	Push
30:$7EE0	Toss
30:$7EE5	Drop
30:$7EE8	Tag
30:$7EEB	Info
30:$7EF0	Fire
30:$7EF3	Name
30:$7EF7	Swap
# Recovered 2026-07-29: the pointer table was being read as 15 entries, so these three were
# invisible. They are LIVE -- ひろう and だす come from the category tables at 30:$7E14 and
# $7E40, はずす from the equip/remove substitution at 30:$7D73.
30:$7EFE	Take
30:$7F02	Remove
30:$7F08	Get

# ---- status / pause screen (bank 31 menu boxes) ----
# One line per BOX ROW. The rows of a box are one allocation, so a box that anything
# points at can grow; box 2 is pinned (see script.json `box.pinned`) and each of its rows
# is limited to its original cell count.
#
# These addresses used to be a byte-count guess away from the truth: 31:$41E2 and
# 31:$4414 were the DESCRIPTOR of the box below them, and the translation had to carry
# six or eight <$XX> layout bytes to step over it. Now that box_descriptors() finds the
# real row starts, the descriptor is data again and the text begins where it says.
#
# 31:$41F6 is a composite: two labels sharing one row, split by the vertical bar glyph
# $B6. The <$B6> token emits that byte verbatim so the column layout survives.
# Box 1 is 11 cells and the VALUE is drawn right-aligned on the row BELOW its label
# (screenshot: "Gld" then "0G" beneath it), so the label has all 11 cells to itself.
# There was no reason for three-letter abbreviations here.
31:$41D0	Gitan
31:$41D4	Floor
# なんいど = 難易度, "difficulty level". The game calls its difficulty choices dungeon
# paths elsewhere, so "Path" is both compact and consistent with that terminology.
31:$41DC	Path
31:$41E9	Weapon  <$B6>Str
31:$41F6	Shield  <$B6>Exp
4:$4AFE	Gld

# ---- difficulty select (box 29) ----
# The tool prepends the cursor space itself where the original row starts with one, so
# these are one cell narrower than the box. "Normal" needs a 7-wide box; the cursor follows
# the box now, so it fits.
31:$441B	Easy
31:$4421	Normal
31:$4426	Hard

# ================================================================================
# BANK 31 MENU BOXES
# One line per box ROW. Budgets come from two places and both are checked:
#   - the box `width` (box_geometry.tsv overrides it) -- how much the drawer will draw
#   - for a PINNED box, the original cell count -- pinned rows cannot grow, because a
#     second reader points into the middle of the block and relocating it would leave
#     that pointer stale. `pinned` is in script.json under each row's `box`.
# ================================================================================

# ---- inventory titles (each its own one-row box) ----
31:$4356	Items
31:$4385	Pot
31:$4390	Floor
31:$422F	Which?

# ---- close / exit menus ----
31:$43A3	Close
31:$43A9	Quit
31:$43B5	Close
31:$43BB	Exit
31:$43C2	Quit

# ---- item categories: box 33 consumables, box 34 equipment ----
# HELD BACK -- these do not fit, and not for want of total space. Bank 31's descriptors sit
# between the text blocks, so its free pool is a set of runs of at most 26 bytes, and these
# two boxes need 32 and 38 contiguous. build.py reports it as fragmentation, not shortfall.
#
# The 116 contiguous bytes of the katakana grid page are what unlocks them; see HANDOFF.md.
# Uncomment together with a width of 7 for both boxes in box_geometry.tsv.
31:$446E	Herb
31:$4472	Scroll
31:$4478	Staff
31:$447C	Pot
31:$4481	Food
31:$448F	Weapon
31:$4494	Shield
31:$4498	Bracer
31:$449E	Arrow
31:$44A1	Misc.

# ---- one-row menu messages ----
# These use their measured box shapes and approved proportional pixels. `build.py` checks the
# source row; `fontaudit.py` and the menu spill tests check physical width and allocation.
31:$423C	No items held.
31:$436A	No more names.
31:$44BB	Pack is full.
31:$4453	Which task?
31:$44D1	No awards.

# ---- Fay's Puzzles header (box 30, row 0, 18 cells) ----
# `だい   もん  なんいど` is `Question No. _` + `Difficulty`, and TWO other bits of code
# write into this row. Both columns were MEASURED off the screen's own tilemap rather
# than guessed, after the first attempt put `Difficulty` over one of them:
#
#   cells 2-4   the task number, right-aligned (a `1` landed on cell 4)
#   cell 13+    the difficulty stars (tile $8A, which is not a font tile at all)
#
# So the label has cells 7-12 -- six -- and `Difficulty` needs ten. `Rating` is the
# reading that fits a star row and does not collide with Shiren's own `Lv`.
31:$4435	No     Rating

# ---- title screen: start menu, rankings, dungeon entrances ----
31:$43DC	Continue
31:$43E4	New Game
31:$45CA	New Game
31:$440B	No
31:$4410	Yes
31:$44F7	Rankings
31:$4549	Kuyou
31:$4552	Village Exit
# "Kuyou Pass" would make this box 26 bytes, and the only 26-byte run in bank 31 is the
# one box 33 needs. 26+24 into 26+23 does not fit however it is ordered.

# ---- difficulty explanations (boxes 46/48/50) ----
# Row 2 of each is centred by hand in the original; one leading space is re-added, the
# rest is up to the text.
31:$4526	New
31:$452C	to Shiren series
# ~~Box 48 is NOT translatable in place.~~ It is, as of 2026-08-05. It was never the
# 20-bytes-in-an-18-cell-box arithmetic that blocked it -- that only bites a row that
# cannot MOVE, and box 48 was only immovable because extraction pinned it by mistake.
# `31:$755B ld bc,$4571 / call $028B` is a message-queue push, so `$4571` is a BANK 13
# address (`<cE0:2B>とっぷうだ！！`), not a pointer into this block. box_interior_targets
# now asks msg_push_kind before believing an operand. Boxes 50 and 51 came unpinned with
# it. Joey reported this screen, and he was right that no text location should be
# permanently untranslatable.
31:$4567	Played a Shiren
31:$457C	game before
31:$459E	Cleared Shiren
31:$45AF	on Super Famicom

# ---- name-entry page label + menu words (boxes 12 and 13, row 0) ----
# The three words are SELECTABLE, and the picker maps cursor positions to columns, so
# these keep the original column layout exactly: label at 0-3, then 6-8, 10-12, 15-17.
# Moving them would move what the cursor lands on.
#
# Box 13 -- the second page -- is now ALIASED to box 12 in script/box_alias.tsv, so it has
# no rows of its own to translate and this key would match no string. Its 116 bytes are
# what let the item category boxes keep "Staff". The old page branch still resolves to
# this same grid, but the visible toggle action is retired because there is no second
# English character set.
31:$4261	      Fwd Bck  End
31:$4275	ABCDE Zabcd  yz.,'
31:$4288	FGHIJ efghi  -!?()
31:$429B	KLMNO jklmn  :/[]+
31:$42AE	PQRST opqrs  01234
31:$42C1	UVWXY tuvwx  56789
#31:$42DB	abc   Fwd Bck  End

# ==== DIALOGUE SAMPLE (TASK 2) ====================================================
# Ten real composer lines, chosen from a `msglog.py` transcript so every one is text the
# game demonstrably draws, and covering the three shapes the sample had to cover:
# combat fragments with runtime substitutions, a speaker-prefixed village line, and one
# long multi-box conversation. This was the original POC sample; production dialogue now
# uses the measured 30-source-glyph/144px Dot contract in `VWF_BUDGETS.md`.
#
# Control codes are written by NAME (`<var>`, `<br>`, `<cE0:88>`), the same tokens
# codec.decode prints in script.tsv's `jp` column. Do NOT spell them `<$E2>`: an escape
# means "layout byte, reserve it out of the DTE code space", and a control code is
# already excluded by being >= $E0.

# ---- combat fragments (bank 13, relocatable, and already DTE-allowlisted) ----
# These are FRAGMENTS assembled at render time, not sentences: `<var>` pulls a name from
# the message queue and `<cE4>` a number, so each pair below draws as two lines of one
# box. Japanese orders them "X wa Y ni / dealt <cE4> points of damage"; English keeps the
# same split, with the verb on line 1 and the number on line 2, so no fragment boundary
# has to move.
#
# Runtime substitutions share the same source and pixel canvas as the literal text.
# `fontaudit.py` reports unknown-producer variants separately; no 14/16-cell guess is a
# production wording limit.
13:$4B66	<var> hit <var>
13:$4B6B	for <cE4> damage!
13:$4B7E	<var> hit you
13:$4B82	for <cE4> damage!
13:$4B94	Defeated <var>!
13:$4B9C	Gained <cE5> Exp.
# The compact wording leaves room for the runtime name; exact producer/value measurement,
# not the old fixed-cell count, decides whether a longer alternative is safe.
13:$4BA7	You dodged <var>!
13:$4BB4	<var> missed!
# Keep the compact `Lv` terminology while the `<var>` producer census remains open.
13:$4BC2	<var> is now Lv<cE4>!<cE0:23>

# ---- hunger warnings (bank 13; the last two are IN-PLACE and byte-capped) ----
# $45DF has 19 bytes and $45F3 has 16, and neither is DTE-allowlisted, so those two are
# hard byte limits with no compression to spend. "About to collapse!" is 20 bytes with
# the <cE0:88> prefix and does not fit; "Ready to drop!" does.
13:$45BC	<cE0:88>Getting hungry
13:$45CB	<cE0:88>Dizzy with hunger
13:$45DF	<cE0:88>Ready to collapse
13:$45F3	<cE0:88>Need food fast

# ---- village dialogue (bank 14, ALL in-place: the pointer is computed at runtime, so
# these cannot be repointed and must fit their original byte count exactly) ----
# The speaker prefix is where the budget goes. `おかみ「` is 4 bytes; `Innkeeper: ` is 11.
# The font has no `"` glyph (available punctuation is  !'()+,-./:?[]~ ), so attribution
# is `Name: ` with no quotes -- which is also 2 bytes cheaper than 「...」 would have been.
14:$5106	Keyaki: Oh, you don't need to<br> thank me...<end><brk> But I'm just glad you're all<br> right.
14:$5127	Keyaki: Ma'am, I'm going to<br> step out for a bit.
# NOT fitted to 190 bytes -- 415, and it is REDIRECTED into the pool bank by tools/pool.py.
# This is the line that was cut to telegraphese to fit the old in-place budget; it is kept
# here at natural length as the worked example that the budget is now aggregate. The
# composer has three 144px lines and stages up to 30 source glyphs per line.
#
# Five lines here were 19 cells and were LOSING their last character on screen -- `at last!`
# drew `at last`, `gives out` drew `gives ou`. Nothing caught it until tools/dialogue_preview.py
# existed; `python3 tools/dialogue_preview.py 14:$5047` now draws the boxes. Boxes are kept
# aligned to sentences, the way the Japanese does it, rather than re-wrapped mechanically.
14:$5047	Innkeeper: Are you all<br> right?...<end><brk> You were having terrible<br> nightmares. I was worried<br> about you.<end><brk> Where are you? This is<br> Moonlight Village.<end><brk> Monsters got you at Kuyo<br> Pass, didn't they?<end><brk> If you collapse there, you<br> get thrown back here.<end><brk> Anyway, you should go<br> thank Keyaki.<end><brk> She's been looking after you<br> this whole time.

# ================================================================================
# SESSION 4a — BANK 13 SYSTEM TEXT (Dot composer: 30 glyphs / 144px, 3 lines)
#
# These are FRAGMENTS the message queue assembles at runtime, not sentences. Adjacent
# addresses draw as consecutive LINES of one box, so a pair whose Japanese dangles on a
# particle -- `<cE3>を`, `<cE3>は`, `なんと！ アイテムは` -- has to dangle in English too
# and be completed by the next entry. Every such pair is marked `+` below.
#
# BUDGETS. Runtime substitutions consume their actual source glyphs and Dot pixels inside
# the same 30/144 line. The former 14-cell `<var>` and 16-cell `<cE3>` reservations are
# historical audit warnings, not wording limits. Known item suffixes are enumerated
# exactly; the remaining producer-to-template census stays visible in `fontaudit.py`.
#
# THERE IS NO `%` GLYPH (the set is  !'()+,-./:?[]~ ), so the fullness messages say
# `is now <cE6>.` and drop the sign rather than spell out `pct`.

# ---- wind (the Kuyo Pass gale) ----
13:$4571	<cE0:2B>A sudden gale!!<cE7:A0>
13:$457F	...the wind has died down
13:$458B	...stronger than before!<cE7:3C>
13:$459A	<cE0:20><cEC:6E>Can't stand!<cE7:B4>
13:$45AE	<cE0:2C>A sudden gale!!<cE7:3C>

# ---- hunger (the four warnings above are TASK 2's and already reviewed) ----
13:$4604	<cE0:88>Starving now!

# ---- picking things up, putting them down ----
# `Got` remains the concise established pickup wording. The renderer itself now accepts
# up to 30 source glyphs and 144 painted pixels; exact item variants are audited.
13:$4614	Put down <cE3>
13:$461A	<cE1><cE0:4C>Got <cE3>
13:$4624	<cE0:4C>Got <cE3>
13:$462D	<cE1>Got <cE3>
13:$4635	You can't put it here.
13:$463F	There's nothing here.
13:$464A	Your pack is full.
13:$465E	<cE0:46>Equipped <cE3>
13:$4666	<cE0:48>Equipped <cE3>
13:$466E	<cE0:47>Removed <cE3>
13:$4678	<cE0:49>Removed <cE3>
13:$4682	<cE0:4E>It was cursed!
13:$468D	<cE0:4E>Cursed! It won't come off.
13:$46A0	Stepped on <cE3>
13:$46A6	Put down <cE3>
# + pair: `<cE3>を` / `くすりにしてのんだ` -- the herb-into-medicine message.
13:$46AC	Consumed the <cE3>
13:$46AF	as medicine.
13:$46BA	Ate <cE3>
13:$46C1	Read <cE3>
13:$46C8	You can't put shop goods in.
13:$46D9	Waved <cE3>
13:$46DF	Pushed <cE3>
# + triple: `<cE3>のなかに` completes with EITHER `<cE3>をいれた` (stored an item) or
# `はいった` (Shiren climbed in himself), so line 1 has to serve both.
13:$46E5	Into the <cE3> went
13:$46EB	the <cE3>.
13:$46F1	you.
# + pair: out of the pot again
13:$46F6	Out of the <cE3>
13:$46FD	came the <cE3>.<cE7:05>
13:$4706	A Pot can't go in a Pot.
13:$4719	The Pot is full.
13:$472A	<cE3> shattered!
# + `<cE3>は` completes with any of the three below -- a thrown item's fate.
13:$4731	The <cE3>
13:$4734	hit <var>.
13:$473B	fell to the ground.
13:$4744	fell and is now useless.
13:$4756	You can't dig here.
13:$475F	<cE3> broke.
# + `しかし うでわのまりょくで` completes with one of the three saves below.
13:$4767	But the Bracer's magic
13:$4777	kept it from rusting.
13:$477F	warded off the curse.
13:$4788	kept you from confusion.

# ---- eating, and the status effects ----
13:$4792	Your belly is full!
13:$47A1	You feel a little fuller.
13:$47B0	You feel fuller, but
13:$47BB	<cE0:85>HP fell by <cE4>.
13:$47CD	You slowed down.
13:$47DB	Dropped <cE3>
# + `つえのこうかで <var>に` -- the staff's effect, on <var>; the effect follows.
13:$47E2	Magic hit <var>
13:$47EF	<cE0:86>You can't walk straight!
13:$4800	<cE0:87>You're terribly sleepy...
13:$4814	Strength fell by <cE4>.
13:$4825	Items are identified on pickup
13:$483B	Strength can't be lowered!
13:$484C	The egg guards Strength.
13:$4862	You can no longer sleep!
13:$4871	But the egg kept you awake.
13:$4886	You won't get hungry!
13:$4893	You no longer wake monsters!
13:$48A3	<cE0:6A>HP rose by <cE4> points.
13:$48B5	<cE0:6B>You can see the unseen!
13:$48CB	<cE0:6D>You are invincible!
13:$48DB	Invincibility wore off.
# + pair: `しかし アイテムをつかって` / `ふっかつした！`
13:$48E7	<cE0:6E>But an item activated
13:$48F7	and revived you!
13:$48FF	<cE0:6F>Max HP rose by <cE4>.
13:$4916	You forgot all item IDs!
# + pair, and again below at $4960: a stat's MAXIMUM, then the change.
13:$492A	Max fullness
13:$493B	<cE0:70>is now <cE6>.
13:$4944	<cE0:71>is now <cE6>.
13:$494D	<cE0:73>Strength rose by <cE4>.
13:$4960	<cE0:73>Max Strength rose
13:$496F	by <cE4> points.
13:$497B	<cE0:72>Strength recovered.
13:$4989	<cE0:86><var> is confused!
13:$4994	But nothing happened.
# + pair: `<cE3>の` / `のろいがとけた！`
13:$49A2	The <cE3>'s
13:$49A5	curse was lifted!
# + pair: `なんと！<cE3>は` / `<cE3>だった` -- an unidentified item revealing itself
13:$49AF	What! The <cE3>
13:$49B6	was a <cE3>!
13:$49BC	This is a <cE3>!
13:$49C4	Lucky!
13:$49CA	All items were identified!
13:$49DF	The floor map was revealed.
13:$49F4	<cE0:56>Size increased by <cE4>.
13:$4A01	<cE0:58>Your mouth is sealed!
13:$4A11	Your mouth is sealed!<cE7:0A>
13:$4A1E	<cE0:68>Nearby foes froze!
13:$4A35	You can pick up items!
13:$4A46	Your HP now recovers!
13:$4A58	You can walk straight!
13:$4A6A	<cE0:5A>Monster speed doubled!
13:$4A80	The wall broke!
13:$4A90	<var> won't appear.
# + pair: the Removal Scroll's own instructions
13:$4A9C	Throw this scroll unread
13:$4AAF	to banish that species.
13:$4AC1	<cE0:60>You forgot the map!
# + pair: `<cE3>が` / `<cE3>になった`
13:$4AD2	The <cE3>
13:$4AD6	became a <cE3>!
13:$4ADC	Gear is now gold-plated!
13:$4AF1	Sucked out the contents.
13:$4AFD	<cE0:62>You can't pick up items!
13:$4B12	You can't pick up items!
13:$4B1F	But nothing was stolen.
13:$4B2E	No arrows are equipped.
13:$4B3D	<cE0:74><var> got faster!
13:$4B4B	What! A <cE3>!
# The shop price line. Two leading spaces are the ROM's own indent; `：` is `:`.
13:$4B59	  Sell: <cE5> Gitan<end>

# ---- combat ----
# `<var>はレベル<cE4>にあがった` and its five siblings. `Lv` is established terminology;
# runtime fit is audited against the Dot canvas rather than the original fixed-cell rule.
13:$4BD2	<var> fell to Lv<cE4>!<cE0:89>
# + pair: leveling into a different FORM -- `<var>はレベルがあがって` / `<var>になった`
13:$4BE2	<var> leveled up<cE0:24>
13:$4BF2	<var> leveled down<cE0:89>
13:$4C02	into a <var>!
13:$4C08	<var> is watching.<cE7:05>
13:$4C15	<var> dozes.
13:$4C1E	A critical hit!<cE7:14><mode0>
13:$4C2D	<var> fell...<cE7:1E><mode1>
# + pair: `<var>は <var>から` / `<cE3>をぬすんだ` -- thief, victim, then the goods.
13:$4C3B	<var> robbed <var>
13:$4C42	of <cE3>!
13:$4C4A	chanted a strange spell.
13:$4C58	<var> spat rotten fluid.
13:$4C67	Your sword rusted!
13:$4C76	Your shield rusted!
13:$4C85	<cE3> is safe.
13:$4C91	Sword won't rust.
13:$4CA5	Shield won't rust.
13:$4CB9	Shield plating held.
13:$4CCD	Sword plating held.
13:$4CE1	Sword plating peeled!
13:$4CF3	Shield plating peeled!
13:$4D05	Sword fusion undone!
13:$4D18	Shield fusion undone!
13:$4D2B	Twisty Hani did its twist!
13:$4D3F	<var> fell to Lv<cE4>
13:$4D4D	<var> drained Str.
13:$4D59	Max Strength fell by <cE4>.
13:$4D6C	<cE0:E6>A painful blow!<cE7:14><mode0>
# This authored break keeps subject and target readable. The box still holds three lines;
# its old 13+14 fixed-cell derivation is superseded by the runtime pixel audit.
13:$4D7D	Fluffy Bunny<br>healed <var>
13:$4D88	with a spell.
13:$4D98	It possessed you!
13:$4DA0	<var> warped away.
13:$4DAA	<var> got help!
13:$4DB6	You became a Big Onigiri!
13:$4DCA	chanted a curse.
13:$4DD9	Your shield was cursed!
# + pair: either subject line completes with `すべて のろわれた！`
13:$4DED	Your equipped items
13:$4DFC	The items you held
13:$4E08	were all cursed!
13:$4E14	<var> cast a hex.<cE7:05>
# + pair: `なんと！ アイテムは` or `なんと！ かいだんは` / `モンスターだった！`
13:$4E24	What! The item
13:$4E2F	What! The stairway
13:$4E3B	was a monster!
13:$4E46	The monster vanished.
13:$4E59	<var> cast Hunger!
13:$4E66	Fullness is now <cE6>.<cE0:71>
13:$4E79	<var> split in two!

# ---- traps ----
13:$4E84	A Pitfall Trap!
13:$4E96	But you didn't fall in.
13:$4EA4	In a Bear Trap!<cE0:75>
13:$4EB6	In a Bear Trap!
13:$4EC6	The Bear Trap won't let go!<cE0:75>
13:$4ED9	You finally broke free!
13:$4EE4	But you slipped right through.
13:$4EF2	A Spring!
13:$4EFE	It didn't go off.
13:$4F10	A Poison Arrow Trap!
13:$4F22	A poison arrow flew out!
13:$4F30	A switch clicked!
13:$4F40	Shield rusted!
13:$4F4F	Nothing equipped can rust.
13:$4F62	Switch clicked!
13:$4F72	White gas burst out!
13:$4F89	<var> fell asleep!
13:$4F96	...too sleepy to do anything.
13:$4FA5	You finally woke up!
13:$4FB1	You hit a bump in the floor!
13:$4FC3	You tripped and fell!
13:$4FD5	But you weren't badly hurt.
13:$4FE6	You hit an Alarm Trap!
13:$4FF9	All sleeping monsters woke up!
13:$500C	You hit a Summoning Trap!<cE7:0F>
13:$5022	<var> was surrounded!
13:$5032	A Spinning Trap!
13:$5042	<var> got confused!
13:$504E	A strange device!
13:$5060	<cE0:88>Grrr... your stomach growls!
13:$5073	But nothing changed.
13:$5086	Lukewarm water gushed out!
# + pair
13:$5096	Onigiri got soaked
13:$50A7	and turned to mush!
13:$50B7	All your gear came off!
13:$50CD	But nothing was equipped.
13:$50E0	A huge boulder fell!
13:$50F4	<var> slowed down!
13:$5104	Back to normal speed.
13:$5113	A Big Landmine Trap!
13:$5127	But it didn't explode.
13:$513D	A Landmine Trap!
13:$514C	But it didn't explode.

# ---- room announcements ----
13:$5161	A Monster House!!<cE7:14>
13:$5170	A Thief House!!<cE7:14>
13:$5180	A Drain House!!<cE7:14>
13:$518F	A One-Eye House!!<cE7:14>
13:$519D	A Ghost House!!<cE7:14>
13:$51AC	A Power House!!<cE7:14>
13:$51BA	A Guard Dog Squad!!<cE7:14>
13:$51C8	A Dragon House!!<cE7:14>
13:$51D8	Thief!!<cE7:14>

# ---- the suspend-and-resume notice (three lines of one box) ----
# `「ぼうけんにでる」` is quoted in the Japanese; there is no `"` glyph, and the menu entry
# it names is `Adventure` (11:$5330), so it is referred to by name instead.
13:$51E3	<cE0:22><cE7:5A>You may switch off now.
13:$51F9	Select Adventure to
13:$520F	resume from here.

# ================================================================================
# SESSION 4b — ITEM DESCRIPTIONS (Dot help path: 21 glyphs / 144px, 4 lines)
#
# A DIFFERENT RENDERER AND A DIFFERENT BUDGET. These 122 strings are reached through
# `13:$554A`, staged by `13:$7E49` into `$C616` and drawn by bank 31 as box 7 -- x=0, y=3,
# five rows of 18 tiles. Row 1 is the item NAME, so descriptions get four 144px rows.
# Menu VWF accepts 21 source glyphs per row. `dialogue_preview.py <loc>` checks both the
# source guard and exact Dot painted extent.
#
# `<brk>` IS A PAGE, and the page count is kept identical to the Japanese on purpose --
# the unit selector at `13:$7E0D` counts `$EE`/`$FF` markers to page forward, so a page
# added or dropped changes what the player can reach. Tighten the English instead.
#
# `<cF0:xx>` PASTES ONE OF THE 13 SHARED LINES from `11:$55AC` inline at that point --
# it is text, not a screen effect, and spends its own source glyphs and pixels. They are
# translated at the bottom of this block. `<cF0:03>` (`When equipped:`) uses its own row.
#
# Identity-hidden items do NOT select one of these rows. With `$CF7B` bit 7 clear,
# `13:$7E0D` returns the directly embedded fallback at `13:$5537`. It has no pointer-table
# reference and therefore no TSV key; `tools/itemfix.py` safely replaces its exact 18-byte
# Japanese sentence with `Effect is unknown.` for every appearance/category.
# The same formatter copies a second direct literal from `4:$5773` into the preceding
# title row; its 11-byte `みしきべつのアイテム` becomes the compact heading `Unknown`.

# ---- swords ----
13:$5684	<cF0:00><br> <end>
13:$568A	A long-hafted blade<br>like a naginata.<br><end><cF0:00>
13:$56A4	A reliable sword<br>used by wanderers.<br><cF0:00><br> <end>
13:$56C1	Deals heavy damage<br>to Dragons.<br><cF0:00><br> <end>
13:$56E7	The famed Doutanuki,<br>forged by Genma.<br><cF0:00><br> <end>
13:$5706	A legendary blade<br>forged by the genius<br>smith Kabura.<br><cF0:00><end>
13:$5736	Against Ghosts, it<br><cF0:01><br><cF0:00><end>
13:$574D	Use it to dig walls.<br>It boosts attack.<br>It breaks after<br>several digs.<end>
13:$5793	Normal attacks never<br>miss.<br><end><cF0:00>
13:$57A9	Often lands critical<br>hits.<br><end><cF0:00>
13:$57BF	Attacks all three<br>spaces in front.<br><cF0:00><br> <end>
13:$57E2	Against one-eyed<br>monsters, it<br><cF0:01><br><cF0:00><end>
13:$57F6	Against foes that<br>drain stats, it<br><cF0:01><br><cF0:00><end>
13:$5810	A Katana forged to<br>its ultimate form.<br><end><cF0:00>
13:$5827	The ultimate form of<br>Manji Kabura.<br><cF0:00><br> <end>
13:$5849	Mamel ancestors are<br>said to have forged<br>this legendary sword<br>to become stronger.<brk>But no Mamel could<br>equip it, so they<end><br>gave up.

# ---- shields ----
13:$58A3	Never rusts. Slows<br>Fullness loss.<br><end><cF0:02>
13:$58B8	A shield made from<br>bronze.<br><end><cF0:02>
13:$58CD	<cF0:02><br>Never rusts.<end>
13:$58D9	A shield made from<br>iron.<br><end><cF0:02>
13:$58EB	<cF0:02><br>Reduces damage from<br>Dragon fire.<br> <end>
13:$5915	Forged from Fuuma<br>iron. Its defense is<br>exceptionally high.<br><end><cF0:02>
13:$5940	Counters monster<br>attacks.<br><cF0:02><br> <end>
13:$5967	High defense, but<br>its weight speeds up<br>Fullness loss.<br><cF0:02><end>
13:$5993	Reflects magical<br>attacks.<br><end><cF0:02>
13:$59A8	Makes enemy attacks<br>miss more often.<br><end><cF0:02>
13:$59C2	Said to repel one<br>hundred demons. Its<br>defense is immense.<br><end><cF0:02>
13:$59FA	High defense, but it<br>weakens whenever you<br>are hit.<br><cF0:02><end>
13:$5A2C	Reduces damage from<br>explosions.<br><end><cF0:02>
13:$5A47	Prevents monsters<br>from stealing items<br>or Gitan.<br><end><cF0:02>
13:$5A5F	The ultimate form of<br>the Fuuma Shield.<br><cF0:02><br> <end>
13:$5A7C	Mamel ancestors are<br>said to have forged<br>a legendary shield<br>to become stronger.<brk>But no Mamel could<br>equip it, so they<end><br>gave up.

# ---- bracers. `<cF0:03>` is `When equipped:`; each expansion uses its own row ----
13:$5AD3	<cF0:03><br>you walk on water.<end>
13:$5AEB	<cF0:03><br>you can haggle in<br>shops.<end>
13:$5B04	<cF0:03><br>Fullness never falls.<end>
13:$5B15	<cF0:03><br>Fullness drops fast.<end>
13:$5B29	<cF0:03><br>HP recovers faster,<br>but Fullness also<br>falls faster.<end>
13:$5B57	<cF0:03><br>weapons and shields<br>do not rust.<end>
13:$5B6D	<cF0:03><br><end>critical hits occur<br>more often.
13:$5B88	<cF0:03><br>you take critical<br>hits more often.<end>
13:$5BA2	<cF0:03><br><end>carried items cannot<br>be cursed.
13:$5BC4	<cF0:03><br>thrown items pierce<br>through creatures.<end>
13:$5BDF	<cF0:03><br>you gain more Exp<br>from defeated foes.<end>
13:$5C01	<cF0:03><br>you may drop carried<br>items.<end>
13:$5C1A	<cF0:03><br>you sense monsters<br>and item locations.<end>
13:$5C36	<cF0:03><br>you cannot become<br>confused.<end>
13:$5C47	<cF0:03><br>picked-up items are<br>identified.<end>

# ---- arrows ----
13:$5C62	<cF0:06><br>from a distance.<brk><cF0:07><br><end><cF0:08>
13:$5C78	<cF0:06><br>and pierce them.<brk><cF0:07><br><end><cF0:08>

# ---- food ----
13:$5C92	Eating this restores<br>a little Fullness.<br> <end>
13:$5CAB	Eating this restores<br>Fullness.<br> <end>
13:$5CC1	Restores a little<br>Fullness, but its<br>poison harms you.<end>
13:$5CED	Completely restores<br>Fullness and also<br>raises Max Fullness.<br> <end>
13:$5D22	Restores a little<br>Fullness. It may<br>grant a special<br>ability.<end>

# ---- herbs and seeds ----
13:$5D56	Using this restores<br>a little HP.<br><end><cF0:04>
13:$5D6F	Using this restores<br>lots of HP and cures<br>status ailments.<br><cF0:04><end>
13:$5D9E	Raises your level<br>by 1.<br><end><cF0:04>
13:$5DB4	Reveals hidden traps<br>on this floor.<br> <end>
13:$5DCB	Using this makes you<br>breathe fire in a<br>straight line.<br><cF0:04><end>
13:$5DEF	Grants invincibility,<br>preventing damage and<br>status ailments for a<br>short while.<end>
13:$5E05	Raises your level<br>by 5.<br><end><cF0:04>
13:$5E1D	Holding this revives<br>you once when you<br>collapse. It will not<br>work inside a Pot.<end>
13:$5E55	Lowers your level<br>by 1.<br><end><cF0:04>
13:$5E6F	Lowers your level<br>by 3.<br><end><cF0:04>
13:$5E8A	Reduces your level<br>and HP to 1.<br><cF0:04><br> <end>
13:$5EA9	Makes you forget all<br>identified items.<end>
13:$5EC3	Using this increases<br>Max HP.<br> <end>
13:$5EDB	Using this increases<br>Max Fullness.<end>
13:$5EF6	Using this decreases<br>Max Fullness.<end>
13:$5F11	Lets you move faster<br>for a short while.<br><cF0:04><br> <end>
13:$5F38	Restores 1 Strength.<br>At full Strength, it<br>raises Max Strength<br>by 1.<end>
13:$5F74	Restores Strength to<br>its maximum.<br><cF0:04><br> <end>
13:$5F97	Lowers HP, Strength,<br>and movement speed.<br><cF0:04><br> <end>
13:$5FC4	Makes you confused.<br><end><cF0:04>
13:$5FD8	Puts you to sleep<br>for a short while.<br><end><cF0:04>
13:$5FF0	A plain weed with no<br><end>special effect. It<br>restores a little<br>Fullness.
13:$6015	Warps you to another<br>spot on this floor.<br><end><cF0:04>

# ---- scrolls ----
13:$6031	Reading this removes<br>curses from equipped<br>items.<end>
13:$604D	Identifies one item.<br> <end>
13:$6067	Reveals the map and<br>shows every monster<br>and all items.<br> <end>
13:$6094	Makes a Pot larger.<br> <end>
13:$60A9	Damages all monsters<br>in the room.<br><cF0:0B><end>
13:$60D4	Stops mouth-based<br>actions for the rest<br>of this floor.<end>
13:$60F3	Returns you to<br>Moonlight Village<br>with your equipment.<br>Only one may return.<brk>Koppa hides inside<br><end>Shiren's pack, so he<br>comes along too.
13:$6157	Helps you out of a<br>dangerous situation.<end>
13:$616F	Monsters move at<br>double speed.<end>
13:$618B	Puts all monsters in<br>the room to sleep<br>for a short while.<brk>They awaken at<br>double speed.<br><cF0:0B><end>
13:$61CF	You deal more damage<br>on the current floor.<br> <end>
13:$61FD	Makes every monster<br>in the room vanish.<end>
13:$621A	Creates a shock wave<br>that destroys nearby<br>monsters.<br> <brk>It cannot defeat you<br>but hurts you badly.<end>
13:$6277	Turns the floor into<br>one large room.<br> <end>
13:$628E	Creates a Monster<br>House in the room.<br> <end>
13:$62A7	Confuses monsters<br>in the room, so<br>they move randomly.<br><end><cF0:0B>
13:$62E0	Throw at a monster<br>to banish its kind<br>from the dungeon.<end>
13:$6307	Makes you forget the<br>current floor map.<br> <end>
13:$631E	Strengthens your<br>equipped weapon and<br>removes its curse.<end>
13:$6342	Strengthens your<br>equipped shield and<br>removes its curse.<end>
13:$6366	Plates your equipped<br>weapon and shield to<br>stop rust. It also<br>removes both curses.<end>
13:$639A	Removes everything<br>from a Pot.<br> <end>
13:$63B3	Prevents you from<br>picking up items on<br>this floor.<end>

# ---- staffs. `<cF0:0C>` is `Wave at a monster:` and `<cF0:05>` is `Works when thrown.` ----
13:$63D4	<cF0:0C><br>it can only make<br>normal attacks.<br><cF0:05><end>
13:$63F1	<cF0:0C><br>it flies far away.<br><cF0:05><br> <end>
13:$640F	<cF0:0C><br>its level rises.<br><cF0:05><br> <end>
13:$642F	<cF0:0C><br>its level falls.<br><cF0:05><br> <end>
13:$644D	<cF0:0C><br>it becomes a decoy.<br><cF0:05><br> <end>
13:$646D	<cF0:0C><br>you and it swap<br>places.<br><end><cF0:05>
13:$648F	<cF0:0C><br>it causes a random<br>effect.<br><cF0:05><end>
13:$64A8	<cF0:0C><br>it is held in place<br>until you attack it.<br> <brk><cF0:05><br> <end>
13:$64E4	<cF0:0C><br>it warps to the exit<br>and is held there.<br> <brk><end><cF0:05>
13:$6511	<cF0:0C><br>it also takes any<br>damage you receive.<br><end><cF0:05>

# ---- pots ----
13:$653D	Items can be freely<br>stored and removed.<end>
13:$6555	Climb inside to hide<br>from monsters.<br>Throw it to trap a<br>monster inside.<end>
13:$6590	Copies items inside.<br><cF0:09><br><cF0:0A><br> <end>
13:$65AD	Leave weapons or<br>shields inside to<br>strengthen them.<br>Staves gain uses.<brk><cF0:09><br><cF0:0A><br> <end>
13:$65EB	Identifies items put<br>inside.<br><cF0:09><br><end><cF0:0A>
13:$660B	Push it to restore<br>HP, Strength, and<br>status ailments.<br> <end>
13:$6623	Sends inserted items<br>to storage.<end>
13:$6640	Leave an item inside<br>to weaken it.<br><cF0:09><br><end><cF0:0A>
13:$666B	Items put inside<br>vanish forever.<br> <end>
13:$6684	This is a monster!!<br> <end>
13:$6694	Alters its contents.<br><cF0:09><br><cF0:0A><br> <end>
13:$66B3	Combines weapons,<br>shields, and staves.<brk>Insert weapons one<br>after another. Their<br>powers and bonuses<br>merge into the base.<brk>Insertion order<br>matters. Shields act<br>the same way.<brk>Insert like staves<br>to combine uses.<brk><cF0:09><br><end><cF0:0A>
13:$676B	A Thiefwalrus is<br>hiding inside.<br> <end>

# ---- the two that are not items ----
13:$6781	Money that can be<br>thrown at a monster.<br>It makes the world<br>go round...
13:$67B0	A Kasa Tanuki.<br>It thinks its trick<br>is still working.<end>

# ---- the 13 shared lines `<cF0:xx>` pastes in (bank 11, table 11:$55AC) ----
# These are not menu labels: each is inline item-help text under the 21-source-glyph and
# 144px Dot contract.
11:$55C6	Raises attack.
11:$55DE	Deals big damage.
11:$55F0	Raises defense.
11:$5609	When equipped:
11:$5611	Can be thrown too.
11:$5623	Works when thrown.
11:$5633	Attack monsters
11:$563F	Equip, hold Select
11:$5654	press A to fire.
11:$5665	Break it on a wall
11:$5677	to get them out.
11:$5680	Allies feel it too
11:$568F	Wave at a monster:

# ---- SESSION 9: the equipment SEALS (印), bank 11, table 11:$5463, 20 entries ----
#
# What a player sees on the item screen under a weapon or shield that has been melded.
# `4:$49F5` zeroes $78 bytes at $C616, `4:$5736` stages the item NAME into row 1, then
# `11:$7E40` walks the item's seal ids at $C6BE and copies up to FOUR of these in behind
# it (`ld c,$04`), terminator included. `4:$4A0D` draws box $13 -- whose descriptor
# (31:$4395) is byte for byte box 7's, the item-description box.
#
# PRODUCTION BUDGET: one 21-source-glyph/144px Dot line per seal. The four rows are shared
# out one per seal, so a `<br>` here would eat the next seal's row. The native Japanese
# control still has 18 fixed cells. `dialogue_preview.is_seal` selects the real check.
#
# WORDING IS TAKEN FROM THE ITEM DESCRIPTIONS ABOVE, which describe the same effects at
# greater length and are already reviewed -- `Deals heavy damage to Dragons` (13:$56C1),
# `To one-eyed foes` (13:$57E2), `To foes that drain your stats` (13:$57F6), `Your attacks
# never miss` (13:$5793), `Lands critical hits often` (13:$57A9), `Never rusts` (13:$58CD),
# `Cuts damage from explosions` (13:$5A2C). A seal and its description must not read like
# two different effects.
#
# `Dragons` / `Ghosts` / `One-Eyes` are capitalised as monster FAMILIES, the way 13:$56C1
# and 13:$5736 already do; `dragon fire` stays lowercase, the way 13:$58EB already does.
11:$548B	Strong vs Dragons
11:$549D	Strong vs Ghosts
11:$54AE	Strong vs One-Eyes
11:$54BC	Strong vs drainers
# The game does not explain these two -- it just names the seal in quote marks. Neither is
# an item in the glossary, so there is nothing to align to and nothing to expand into. The
# font has no `"` (the set is  !'()+,-./:?[]~ ), so the corner brackets become square ones.
11:$54D0	[Meat]
11:$54D5	Can dig walls
11:$54DD	Attacks never miss
11:$54ED	Lands criticals
11:$54FD	Hits all 3 ahead
11:$5513	Get hungry slower
11:$551E	Get hungry faster
11:$5529	Never rusts
11:$552F	[Poison]
11:$5535	Cuts dragon fire
11:$5549	Counters damage
11:$555A	Reflects magic
11:$5569	Foes often miss
11:$557A	Weakens when hit
11:$5591	Cuts blast damage
11:$55A5	Can't be stolen

# ---- the one item name with a LEADING SPACE, and why ----
# Joey, 2026-08-04: picking up money said `Got 293Gitan`.
#
# Gitan is item category 11, and `4:$5C6A` puts the COUNT before the name for that category
# (and for arrows) instead of after it, with no separator -- correct for `293ギタン`, wrong
# for English. The count is emitted by `4:$5CAB`, which has no spare byte after its digits
# and no free run in bank 4 to relocate into, so the separator lives in the name instead.
#
# This is an override of the frozen glossary's `Gitan` (11:$452C) and the only one of its
# kind. It fixes the message AND the item-list row, because both reach the same builder.
# The arrow half of the same bug IS patched in code -- see tools/itemfix.py, which had the
# two bytes to work with because it was replacing a counter word rather than inserting one.
11:$452C	 Gitan

# ---- wrapped by tools/wrap_en.py ----
14:$4BF6	Yoshizota read the Dragon's<br> Cry Scroll.
14:$4C0F	Yoshizota: Whoa! It opened!<br> ...Ugh, this place looks<br> pretty scary after all.<end><brk> You go on ahead. I'll catch<br> up with you later.
14:$4C67	Koppa: Orochi...<end><brk> Where is he?
14:$4C7B	Yoshizota: Right here.
14:$4D07	Koppa: ...
14:$4D19	Yoshizota: A shifting land<br> where anything can happen...<end><brk> I came here to make the<br> power of this land my own.<end><brk> What do you think will<br> happen if I make Moonlight<br> Village drink this drug?<end><brk> They'll become monsters<br> forever.<end><brk> And they'll obey no one but<br> me.<end><brk> But it doesn't work on<br> adults. That's why I need<br> child sacrifices.<end><brk> I was so close... So close to<br> completing this cave...<end><brk> Why save them? Why save a<br> village of monsters?!<end><brk> Would you kill me, a human,<br> just to save monsters?!<end><brk> ...I have another drug here.<end><brk> I made it from the children's<br> blood, drawn a little at a<br> time.<end><brk> What happens when a human<br> drinks it? Let me show you!
14:$4F36	Yoshizota drank the drug!<mode1><$3C><cE7><mode0>
14:$4F4C	Orochi: Even if I fall here,<end><brk> Orochi shall rise again and<br> again... Heh heh heh.
14:$4F8F	Koppa: Heh! If you made it<br> this far, you're practically<br> a monster yourself!
14:$4FB9	Koppa: You're Fumi, right? We<br> came to rescue you. Let's go<br> home.
14:$5037	Keyaki: Oh, you're awake!
14:$5146	Innkeeper: You mean Keyaki?<end><brk> Oh, please! She's not my<br> daughter. I'm still single!<end><brk> She just wanders in now and<br> then and helps around the<br> inn.<end><brk> She's a little odd, but she's<br> a good kid...
14:$51D3	Keyaki: <name>! Wait up!
14:$51DE	Keyaki: Haa... haa... I'm so<br> glad I made it in time...<end><brk> You're going to rescue her,<br> right? Here, take this!
14:$5213	<name> received <cE3>4.
14:$5220	Keyaki: I went up into the<br> hills to get it. It took<br> quite a while...<end><brk> Good luck!
14:$525F	Keyaki: ...Are you okay?<end><brk> Please don't overdo it.
14:$5281	Innkeeper: I believe in you.
14:$5294	Keyaki: Hey, <name>!

# ---- wrapped by tools/wrap_en.py ----
14:$52B8	Keyaki: Good luck!
14:$52C7	Innkeeper: Keyaki?<br> She went to the shrine...<end><brk> She's a free spirit.<br> Sometimes she just wanders<br> off somewhere.<end><brk> Like a cat.<end><brk> ...Well, it's not like I'm<br> busy. We don't have any<br> customers.
14:$535C	Keyaki: <name>?<end><brk> Wait just a moment. I will be<br> done soon.
14:$537F	Keyaki: There.<end><brk> All done.
14:$538C	Keyaki: Isn't this shrine a<br> little unusual?<end><brk> Moonlight Village doesn't<br> follow the Reeva faith.<br> That's why...
14:$53D3	Keyaki: Hm? What was I<br> praying for?<end><brk> ...Hehe, it's a secret.
14:$53FB	Keyaki: Anyway, um... I have a<br> favor to ask. Is that okay?
14:$541F	<cEC:08>Can I ask a favor?<br><$81>Sure<br> No
14:$5442	Keyaki: You're mean...
14:$5451	Keyaki: Actually, I'd like you<br> to look after this cat for a<br> while.<end><brk> Her name is Tanmomo. Take<br> good care of her!
14:$5488	<cE0:28>Tanmomo the cat joined<br> you.<mode1><$78>
14:$549F	Keyaki: Hold B and press the<br> D-Pad to swap places with<br> Tanmomo.
14:$54D4	Keyaki: Hm? What is it?
14:$54E1	<cEC:09><$81>Is Tanmomo yours?<br> Why the name Tanmomo?<br> How do I swap with her?
14:$551D	Keyaki: No. I found her behind<br> the shrine earlier.<end><brk> She was freezing, poor<br> thing...<end><brk> Take good care of her!
14:$5562	Keyaki: See how short her<br> thighs are?<end><brk> That's why I call her<br> Tanmomo: Short-Thigh.<end><brk> Take good care of her!
14:$5596	Keyaki: Hold B and press the<br> D-Pad toward Tanmomo to<br> switch places.<end><brk> Take good care of her!
14:$55D8	Kinji: Oh, there you are! Come<br> with me for a minute,<br> <name>.<end><brk> There's something I want to<br> show you.
14:$5611	Masa: Ah, <name>!<end><brk> Look at this! Check it out!
14:$5636	Kinji: We built a Warehouse!<br> You can store items in here.
14:$566D	Kinji: We built it for you,<br> <name>.<end><brk> Well... this is about all we<br> can do for you.
14:$56B2	Masa: This should make your<br> adventures a lot easier.<end><brk> Good luck with Fumi!
14:$572A	Kinji: We went to all the<br> trouble of building it, so<br> make sure you use it.
14:$574F	Masa: Leave items in the<br> Warehouse and you won't<end><brk> lose them if you collapse<br> during an adventure.<end><brk> But everything inside a Pot<br> will disappear, so be<br> careful.<end><brk> Also, you can only take 5<br> items with you.<end><brk> Remember, Pots lose their<br> contents.
14:$57E7	Old Seer: Building a Warehouse<br> in a place like that...<end><brk> Now I'm not getting any<br> sunlight! Those boys never<end><brk> think things through!<br> Honestly!
14:$5840	Keyaki: Lately, the<br> villagers are starting to<br> accept you, <name>.<end><brk> I'm so happy...
14:$5875	Innkeeper: No matter how<br> many times you get knocked<br> down, you never give up...<end><brk> You're every bit the man I<br> thought you were.<end><brk> Good luck out there!
14:$58CC	Tagura: This is my most<br> treasured toy, but...<end><brk> I'll give it to you.
14:$58F6	<name> received <cE3>1.
14:$5902	Tagura: In return, please<br> save Fumi. Promise me!
14:$5924	Keyaki: Are you okay?<end><brk> ...Thank goodness. I was so<br> worried you might be hurt,<br> <name>...
14:$595B	Gon: Urgh...<end><brk> This is my prized possession,<br> but I'll hand it over to you.
14:$598A	<name> received <cE3>7.
14:$5996	Gon: Whenever the Shrine<br> Priest is about to scold me,<br> I use this to get away.<end><brk> Urgh...<end><brk> It comes in pretty handy!
14:$59E2	Nagi: Waaah!! Wh-what? You're<br> not a monster? You scared<br> me.<end><brk> ...You came to rescue me?<end><brk> No! I'm not going back!<end><brk> I might if you promise to<br> save Fumi...
14:$5A59	<cEC:08>Promise to save Fumi?<br><$81>Yes<br> No
14:$5A7D	Nagi: Hmph! Go back by<br> yourself. I can handle this<br> on my own.<end><brk> M-monsters don't scare me...
14:$5AB1	Nagi: ............<end><brk> Waaaaah!! This place really<br> is scary!!
14:$5AE2	Nagi: Waaaaah! Damn it!
14:$5AF5	Nagi: Fine! I'll go back.<br> Don't you forget your<br> promise.<end><brk> ...Truth is, I'm really<br> scared, so, um...<end><brk> ...I'm about to wet myself.<br> Let's hurry back.
14:$5AFD	Please lets hurry back!<br>I gotta pee. Hurry!<end><brk>
14:$5B5B	Nagi: Oh, you came back!<end><brk> Let's hurry home. I'm still<br> holding it in.
14:$5B81	Please lets hurry back!<br>I gotta pee. Hurry!
14:$5B89	Nagi: G-grandpa...
14:$5B9B	Chief: Nagi... Y-you're safe!
14:$5BB2	Nagi: Grandpaaa!!
14:$5BC2	Chief: Nagiii! Whoaaa!
14:$5BD6	Chief: Wh...
14:$5BE1	Nagi: I'm gonna wet myself!!
14:$5C1B	Chief: <name>, I believe I<br> know what it is you want to<br> ask.<end><brk> Please come here tonight.
14:$5C5A	Innkeeper: Oh? Staying the<br> night? That's unusual.
14:$5C73	Chief: W-wait! Don't be<br> alarmed!<end><brk> It's me, the village chief.<end><brk> I may look like this, but I'm<br> still in control of myself.<end><brk> I won't hurt you.<end><brk> Come closer and hear me out.
14:$5CE0	Chief: When moonlight falls on<br> us, we transform.<end><brk> It is a trait our clan<br> carries.<end><brk> Across the sea, I believe<br> they call our kind vampires.<end><brk> Because of this trait, we<br> live here in hiding, far from<br> prying eyes.<end><brk> Orochi... the sacrifices...<br> Kuyo Pass...<end><brk> Please forgive me, but I<br> cannot speak of these<br> things.<end><brk> Even this conversation is<br> probably reaching Orochi's<br> ears...<end><brk> There is a scroll beneath the<br> offering box at the shrine.<end><brk> Read it, and Dragon's Maw<br> should open.<end><brk> <name>, I beg you! Please<br> save Fumi!<end><brk> If you save her, we can end<br> the custom of sacrifice.<end><brk> Please free Fumi from this<br> village's cursed fate!
14:$5E92	Chief: Hmm? Would you like to<br> hear my story once more?
14:$5EB3	<cEC:08>Hear the story?<br><$81>Yes<br> No
14:$5ECC	Gon: Urgh... While they're<br> children, a single fit can<br> make them transform.<end><brk> And when they become<br> monsters, they don't<br> remember a thing. Urrrgh.
14:$60E5	Innkeeper: I wonder where<br> Keyaki could have gone off<br> to...
14:$6107	Fumi's Mom: <name>...<br> Please, take care of Fumi...
14:$6127	Gon: So that's Koppa?<end><brk> Urgh... He looks as stinky as<br> I expected...
14:$615B	Rokuro: Whenever our<br> ancestors' cursed bodies<br> were seen, they fled and hid.<end><brk> In time, protecting this<br> secret became our ironclad<br> law.
14:$61BD	Tagura: Last night?<end><brk> I always sleep soundly,<br> though I have strange<br> dreams...
14:$61F4	Nagi: To reach Normal or Hard,<br> check the map on the sign<end><brk> beside the Warehouse<br> entrance.<end><brk> It'll show you the way. We're<br> counting on you to save<br> Fumi!
14:$6256	Kinji: Gran, building that<br> Warehouse made me hungry<br> again.<end><brk> Got anything to eat?
14:$6291	Old Seer: Nope. Nothing but a<br> Rotten Onigiri...
14:$62B6	Keyaki: Oh, you're awake!
14:$62C6	Innkeeper: You're in Moonlight<br> Village.<end><brk> Didn't you leave?
14:$62F8	Keyaki: What?<end><brk> You can't leave the village?!
14:$6317	Innkeeper: You made such a<br> grand exit, and now look at<br> you...
14:$6338	Chief: Oh, what's wrong?<end><brk> What? You can't leave<br> Moonlight Village?<end><brk> Hmm. How strange...
14:$6386	Priest: What! You can't leave?<br> Hmm.<end><brk> I offer guidance to those who<br> venture into dungeons.<end><brk> What would you like to know?<end><brk> ...is what I would say, but<br> even I don't understand this.
14:$6404	Fumi's Mom: Oh, <name>.<end><brk> Thank you again for<br> everything you did for us.
14:$643E	Gon: Urgh... Oh, it's you.<br> You're back.
14:$6461	Rokuro: Huh? You're back?<end><brk> I see! You've decided to<br> become one of us. Good, good.
14:$64A7	Masa: Huh? <name>?<end><brk> What are you doing here...?
14:$64D1	Kinji: <nop>, <name>! What are<br> you doing...<end><brk> Wait... Don't tell me you<br> came back for Keyaki...
14:$6510	Old Seer: Hm? What's wrong?<end><brk> Oh! Could it be... You came<br> to see me...? Tee hee.
14:$6548	Tagura: Hey, it's you! Hooray!
14:$6564	Fumi: Oh... what is it?<br> ...Forget something?
14:$6580	Nagi: Huh? You guys...<end><brk> I know! You had to pee so<br> bad you turned back!
14:$65B9	Keyaki: <name>! Wait!
14:$65C4	Keyaki: Here, take this!
14:$65D0	<name> received <cE3>5.
14:$65DD	Keyaki: I hope you find a way<br> out.<end><brk> ...But I was happy. Happy<br> that <name> came back to<br> the village...
14:$661D	Children: Ooh la la! Things<br> are heating up!
14:$6638	Koppa: Tch, they're just<br> teasing us. Come on,<br> <name>!
14:$6656	Keyaki: ...Are you okay?<end><brk> Don't push yourself too hard.
14:$6678	Innkeeper: Back again? You<br> must really like this<br> village...
14:$66AC	Chief: You still can't leave?<end><brk> Hmm. How strange...
14:$66DD	Masa: Huh? I said I'd build<br> you a house next time you<br> came?<end><brk> Did I really say that?<end><brk> W-well... maybe someday.
14:$671F	Old Seer: ...So, when are you<br> and I getting married? ...Tee<br> hee.
14:$6754	Fumi: ...Forgot something<br> again?
14:$6765	Nagi: Again?<end><brk> It's bad for you to hold it<br> in that long.
14:$678D	Kinji: ...Didn't <name> come<br> back for Keyaki?<end><brk> Then why is she acting so<br> cheerful...?
14:$67E0	Keyaki: <name>! Wait!
14:$67EB	Keyaki: Here, take this!<br> Apparently it's called an ID<br> Bracer.<end><brk> They say it's really<br> useful... Huh?<end><brk> You can't take it with you?!<end><brk> Oh... that's too bad.<end><brk> I know cheering you on isn't<br> much, but... good luck!
14:$6875	Kinji: Keyaki...
14:$688A	Innkeeper: Kinji stopped by<br> earlier looking for <name>.<end><brk> He wants you to meet him at<br> the shrine.
14:$68C6	Koppa: Hey, <name>! Over<br> there!<end><brk> Huh? Keyaki's there too.<br> Looks like they're talking.
14:$6920	Keyaki: .....
14:$692B	Kinji: So...
14:$693C	Kinji: Hey, what's wrong?
14:$6950	Keyaki: ...Huh?
14:$695B	Kinji: You're usually much<br> chattier than this... You're<br> acting like <name> today.
14:$70A0	Nagi: I-I can't hold it<br> anymore...
14:$70B7	Nagi: Ugh... I'm gonna<br> collapse before I wet myself.<br> Help...
14:$70BE	I'm gonna collapse before I<br> wet myself. Help...
14:$70D8	Fumi: .........
14:$70E6	Fumi: I feel like I'm going to<br> collapse...
14:$72B4	Pochi: Woof! (Let's do this!)
14:$72CB	Pochi: Woof, wuff! (Leave <var> to<br> me!)
14:$72EA	Pochi: Whine... (I can't go<br> on...)
14:$7518	Rooster: Cluck cluck cluck!<br> (Witness my invincible<br> power!)
14:$753A	Rooster: Cock-a-doodle-doo!<br> Cock-a-doodle-doo!<end><brk> (<var> is mere small fry! Bring<br> me Orochi!)
14:$756B	Rooster: Guh, cluck cluck...<end><brk> (Guh... Even I have finally<br> run out of strength...)
14:$75EC	Tanmomo: Meow!<end><brk> (I'm a no-good cat.<br> Tanmomo...? What a weird<br> name!)
14:$7620	Tanmomo: Mew, me-mew! (<var> is a<br> pushover!)
14:$767A	Tanmomo: Me-me-mew... (I think<br> I'm dying...)
14:$77AB	Baby Mamel: I'm scared...
14:$77BD	Baby Mamel: I... can't go<br> on...
14:$78D0	<cEC:04>Fumi is asleep.<br> <br>
14:$78E1	<cEC:04>Nagi is asleep.<br> <br>
14:$78F3	<cEC:04>Pochi is asleep.<br> <br>
14:$7905	<cEC:04>The Rooster is asleep.<br> <br>
14:$7918	<cEC:04>Tanmomo is asleep.<br> <br>
14:$792B	<cEC:04>Baby Mamel is asleep.<br> <br>
14:$7941	Koppa: Let's check out<br> Dragon's Maw before we<br> leave.
14:$796C	Koppa: <name>, let's go<br> back to the village!
14:$797E	Koppa: Hey, <name>, let's<br> ask the Village Chief about<br> the village's secret.
14:$79A9	Koppa: For now, let's rest at<br> the Totoya and wait until<br> night.
14:$79D5	Koppa: It's way too quiet...<br> Is no one here?
14:$79F8	Koppa: <name>! The shrine!<br> Let's search the offering<br> box!
14:$7A1E	Koppa: Come to think of it, I<br> can understand animals.<end><brk> Let's talk to the ones in the<br> village.
14:$7A5F	Koppa: Well, we made it here,<br> but...
14:$7A75	Koppa: Let's hurry and get<br> Fumi home.
14:$7A94	Koppa: All that's left is<br> rescuing Fumi. Let's do this!
14:$7ABC	Koppa: What the heck is going<br> on...?!
14:$7AD7	Koppa: Looks like getting out<br> of here won't be easy...
14:$7AFB	Koppa: That Kinji... He did it<br> on purpose to get Keyaki to<br> admit how she really feels...
14:$7B2B	Koppa: Keyaki said she'd wait<br> at the shrine...<end><brk> What do you want to do?
14:$7B5C	Koppa: That stray cat we<br> saw... Guess it ran off<br> somewhere.
14:$7B7C	Koppa: ...Hey, when are we<br> ever gonna get out of here?
14:$7BA1	Koppa: This place looks as<br> scary as ever...
14:$7BC2	Koppa: Brrr... That was scary.<br>Let's hurry home!
14:$7BF2	Koppa: ...Come on, <name>.<br> Let's go.
14:$7C03	Koppa: .....
14:$7C78	Normal + Pochi
14:$7C87	Normal + Tanmomo
14:$7C97	Normal + Rooster
14:$7CA7	Hard + Pochi
14:$7CB9	Hard + Tanmomo
14:$7CCC	Hard + Rooster
14:$7CDF	Escaped Moonlight
14:$7CF1	1000+ adventures
14:$7D03	Clear 90000+ Gitan
14:$7D17	Clear with 0 Gitan
14:$7D22	Max Fullness 200
14:$7D38	Max Fullness 10
14:$7D4F	Clear at Str 1
14:$7D5B	Cleared at max HP
14:$7D68	Cleared at Level 1
14:$7D73	Fully fused weapon
14:$7D87	Fully fused shield
14:$7D9A	Got Kabura Sutegi
14:$7DAC	Got Rasen Fuuma
14:$7DBC	Strength 30+
14:$7DCD	Reached max level
14:$7DDD	Beat a Shopkeeper
14:$7DE7	Rotten Onigiri
14:$7DFA	Fell: Pitfall Trap
14:$7E06	Fell: Poison Arrow
14:$7E11	Fell: Boulder
14:$7E1C	Fell while asleep
14:$7E2D	Fell: Mamel
14:$7E37	Fell: Baby Mamel
14:$7E45	Clear 999999 Gitan
14:$7E56	Fell: Tanmomo
14:$7E61	Fell: Pochi
14:$7E6B	Fell: Rooster
14:$7E76	Fell: Fake Shiren
14:$7E82	Far-shot Fusion Pot
14:$7E98	Cleared Normal
14:$7EA0	Normal: no items out
14:$7EB5	Cleared Hard
14:$7EC0	Hard: no items out
14:$7ED8	Saved Baby Mamel

# ---- wrapped by tools/wrap_en.py ----
11:$56DB	Fumi's Mom: Ahh...
11:$56E8	Nagi: Fumi, are you hurt? It<br> must've been awful...<end><brk> I'm just glad you're safe.
11:$571F	Chief: Y-you... You finally<br> defeated Orochi!
11:$5741	Kinji: We did it!
11:$574D	Masa: Now we won't have to<br> sacrifice any more children!
11:$5770	Rokuro: Nothing could make me<br> happier! Tonight, we feast!<end><brk> Oh, don't worry. It should be<br> cloudy tonight.<end><brk> So we probably won't<br> transform.<end><brk> Come on, everyone! Gather<br> around <name> and let's<br> celebrate!
11:$57F6	Everyone: Yeah!!
11:$5803	Innkeeper: Drinks are on me<br> tonight, so have as much as<br> you like!<end><brk> ...Hold on. You're carrying a<br> ton of stuff.<end><brk> You can't relax like that.<end><brk> You should put anything<br> important in the Warehouse<br> now.<end><brk> Wouldn't want to get drunk<br> and lose it...
11:$58B7	Innkeeper: You should put<br> anything important in the<br> Warehouse now.
11:$58E5	Rokuro: Ha ha... This is<br> great!
11:$58F8	Priest: Defeating Orochi is no<br> small feat. Impressive.<end><brk> Though frankly, it's all<br> thanks to my expert advice.
11:$5940	Masa: Put your things in the<br> Warehouse.<end><brk> You don't want to lose them.<end><brk> That Warehouse belongs to<br> you. Use it whenever you<br> like.
11:$59A3	Old Seer: How many years has<br> it been since we had a<br> celebration like this?
11:$59CD	Nagi: Thanks, big bro.<end><brk> When I saw Fumi again, I was<br> just... so happy.<end><brk> She seems a lot calmer now,<br> too.
11:$5A22	Fumi: ...Mister... I... My<br> heart's still pounding...
11:$5A50	Tagura: Now the three of us<br> can play together again!<br> Hooray!
11:$5A74	Fumi's Mom: I'm making a bed<br> for <name>.<end><brk> If you're tired, please rest<br> here.<end><brk> Once I'm done, I need to help<br> the Innkeeper!
11:$5AD1	Gon: Wa-ha-ha-haaa!
11:$5AE6	Kinji: I found this piece of<br> paper just now...<end><brk> It says clearing without<br> bringing any items earns<br> another password...<end><brk> And doing all kinds of other<br> things earns even more...<end><brk> ...I have no idea what that<br> means. Do you, <name>?
11:$5B87	Koppa: ...So then, hic.<end><brk> I thought, <name>'s in<br> danger!<end><brk> So I slashed Yoshizota with<br> my sword! Swish!
11:$5BD1	Gon: Wa-ha-ha-haaa!<end><brk> You're pretty good at telling<br> jokes!
11:$6275	Koppa:<mode1><$14> Let's go, <name>!<mode1><$78><mode0>
11:$628A	Masa:<mode1><$14> See you.<mode1><$28><mode0>
11:$629E	Rokuro:<mode1><$14> Thanks for<br> everything.<mode1><$28><mode0>
11:$62B0	Nagi:<mode1><$14> Take care!<mode1><$28><mode0>
11:$62C3	Chief:<mode1><$14> Take care out there.<mode1><$28><mode0>
11:$62D5	<mode1><$3C>Keyaki:<mode1><$14> Good luck on your<br> next adventure!<mode1><$82><mode0>
11:$632D	Rokuro: Oh, an outsider...
11:$6340	Tagura: Mister, where'd ya<br> come from?
11:$6359	Gon: Koppa? Never heard of<br> him.<end><brk> Urgh... Were you supposed to<br> meet him in this village?
11:$6391	Pochi: Woof! Woof woof!
11:$639F	Fumi's Mom: I know it's<br> tradition, but...<end><brk> Why does it have to be my<br> daughter...?
11:$63C7	Chief: It pains me, but you<br> must give up on Fumi.
11:$63ED	Kinji: No one stands a chance<br> against Orochi. There's<br> nothing we can do.
11:$6415	Nagi: Damn it!
11:$6421	Chief: Ah! Nagi!!
11:$6431	Kinji: This is hard on him,<br> too.<end><brk> He and Fumi were best<br> friends.
11:$6465	Fumi's Mom: Ohhh...
11:$6473	Kinji: Damn it, if it weren't<br> for Orochi, none of this<br> would have happened...
11:$649A	Chief: This village is ruled<br> by a monster called Orochi.<end><brk> Once a year we must offer<br> up a young child as a<br> sacrifice.
11:$64EE	Rooster: Cock-a-doodle-doo!
11:$64FA	Innkeeper: Oh, a guest?<end><brk> Oh, you're not? What a<br> shame. We almost never get<br> visitors from outside.<end><brk> To be honest, I'm bored out<br> of my mind...
11:$6547	Old Seer: Orochi lives at Kuyo<br> Pass,<end><brk> along with the monsters that<br> serve him.
11:$657B	Masa: Up ahead is a<br> dangerous place called Kuyo<br> Pass.<end><brk> If you're determined to go,<br> stop at the shrine first.<end><brk> The Shrine Priest can teach<br> you a few things.<end><brk> Kuyo Pass also splits into<br> three roads.<end><brk> Check the map on that sign<br> to choose one.
11:$662C	Masa: Before heading out,<br> you should talk to a few<br> more villagers.<end><brk> Kuyo Pass splits into three<br> roads.<end><brk> Check the map on that sign<br> to choose one.
11:$66A7	Rokuro: W-we've got trouble!!
11:$66BA	Rokuro: Nagi! Nagi's gone!<end><brk> I've looked everywhere, but I<br> can't find him!
11:$66F1	Masa: Huh? I saw him here just<br> a minute ago...
11:$6713	Rokuro: No way... Wait, I'm<br> sure of it!<end><brk> He went to rescue Fumi!
11:$6745	Chief: Foolish boy! He'll only<br> become monster food!<end><brk> He can't have gone very far<br> yet!<end><brk> If someone goes after him<br> now, they may still catch<br> him...
11:$67A8	Masa: N-not me...<end><brk> Even if Nagi is the Village<br> Chief's grandson,<end><brk> I'm not going up there!
11:$67E4	Rokuro: If the monsters get<br> him up there, it's over.<end><brk> He'll never come back.<end><brk> There's nothing we can do<br> but give up.
11:$6826	Innkeeper: Honestly, doesn't<br> this village have any real<br> men?!<end><brk> You're all pathetic!
11:$6856	Innkeeper: Y-you! Are you<br> going to rescue Nagi?!
11:$6875	Masa: Take my advice. You'd<br> better not.
11:$689B	Rokuro: Hey, if the guy wants<br> to go, why stop him?<end><brk> Let him go.<end><brk> Must be nice being an<br> outsider.<end><brk> Even if a monster gets him,<br> he'll just be sent back<br> here...<end><brk> Unlike us...
11:$690F	Chief: That's enough, Rokuro!!
11:$6921	Rokuro: ...
11:$692B	Innkeeper: Wanderer...
11:$693C	Chief: Rokuro... You've said<br> too much.
11:$695A	Stray Cat: Mew.
11:$6963	Keyaki: Um... are you a<br> traveler?<end><brk> If you need a place to stay,<br> there's one just down the<br> road.<end><brk> It's called the Totoya.
11:$69AC	Keyaki: Um, excuse me!...
11:$69BA	Keyaki: ...N-no, never mind.<br> I'm sorry.
11:$69D8	Innkeeper: Good morning.<end><brk> You were sleeping like a log.<br> You must've been exhausted.<end><brk> By the way, you have a<br> visitor.<end><brk> He asked me to get him when<br> you woke up. See that man<br> over there?
11:$6A42	Yoshizota: I heard you made it<br> back from Kuyo Pass. That's<br> pretty impressive.<end><brk> Come on, have a drink with<br> me.
11:$6A81	<name> got to talking with<br> the stranger.
11:$6A97	Yoshizota: Name's Yoshizota.<end><brk> I travel the country selling<br> medicine.<end><brk> I stop by this village now<br> and then.<end><brk> So, you're going to rescue<br> Fumi next, right?
11:$6B04	Yoshizota: I hear Orochi's a<br> tough one, but I bet you'll<br> find a way.<end><brk> Good luck!
11:$6B3B	Yoshizota: I've really taken a<br> liking to you. Let's grab<br> another drink sometime!
11:$6B69	Fumi's Mom: Ohhh...
11:$6B77	Nagi: It will be all<br> right, missus.<end><brk> This fellow here will<br> save her, I know it!<br> Right!<end><mode0>
11:$6BB2	Chief: Thank you so much. I<br> never thought I'd see Nagi<br> alive again...
11:$6BDF	Chief: What? Yoshizota?<end><brk> H-he's here in the village?!
11:$6C04	Chief: ..........
11:$6C15	Gon: W-what? Koppa's a<br> weasel?! Then I did see him.<end><brk> A few days before you<br> arrived.<end><brk> A weasel that looked like he<br> stank walked right past me.<end><brk> That's the only time, but he<br> was heading...<end><brk> toward Kuyo Pass. Urgh...
11:$6CBE	Rokuro: Tch! Don't get cocky<br> just because you saved<br> Nagi.
11:$6CE4	Tagura: Papa, where did Nagi<br> go?
11:$6D05	Masa: You... You're pretty<br> good. I have to admit, I'm<br> impressed.
11:$6D2B	Old Seer: About 15 floors from<br> Moonlight Village<end><brk> lies a place called Dragon's<br> Maw.<end><brk> Orochi is another 6 floors<br> beyond that.<end><brk> In other words, about 21<br> floors from the village.<end><brk> You're wondering why I'm<br> telling you this?<end><brk> I'm starting to think you<br> might actually do something<br> about it...
11:$6DF5	Keyaki: <name>! Wait!
11:$6E00	Keyaki: Now it's finally time<br> to save Fumi.<end><brk> Here, take this!
11:$6E21	<name> received <cE3>6.
11:$6E2E	Keyaki: Good luck! ...Oh.
11:$6E42	Kinji: Hey.<end><brk> Take this.
11:$6E58	<name> received <cE3>3.
11:$6E64	Kinji: It's my dinner, okay?<br> Don't tell the others.
11:$6E94	Keyaki: Even Kinji's cheering<br> you on...<end><brk> That makes me happy.
11:$6EB9	Chief: N-Nagi? ...No luck<br> after all?<end><brk> At a child's pace, he must be<br> about 10 floors in by now...<end><brk> The monsters around there<br> are fearsome...<end><brk> Oh, I'm so worried...
11:$6F44	Gon: Urgh... No, I haven't<br> seen him.<end><brk> This Koppa fellow.<end><brk> Maybe he went to another<br> village?
11:$6F8B	Rokuro: Tch! Got sent back,<br> huh? I knew you couldn't do<br> it!<end><brk> Going up there is a waste of<br> time.
11:$6FC6	Tagura: Hey, where did Fumi<br> go?
11:$6FE5	Masa: No one will blame you if<br> you can't save Nagi.<end><brk> You're an outsider, after<br> all.
11:$7022	Kinji: Graaan, I'm hungry!
11:$703D	Old Seer: You just ate! Wait<br> until dinner.
11:$7072	Old Seer: This village is<br> burdened with a cursed fate.
11:$709C	Rokuro: You... Why do you<br> keep doing this?<end><brk> There's nothing in it for<br> you.<end><brk> ...Well, if you're determined<br> to go, I won't stop you.<end><brk> But I'll tell you one thing.<end><brk> Kuyo Pass splits into three<br> roads.<end><brk> Check the map on that sign<br> to choose one.
11:$7151	Kinji: Keyaki's so cute...<br> I... I...
11:$717E	Masa: Just because Keyaki's<br> nice to you,<end><brk> don't get the wrong idea.
11:$71B4	Old Seer: Defying Orochi was<br> impossible from the start.
11:$71DE	Kinji: Are you okay after that<br> fit?...<end><brk> You still look like you're in<br> pain.
11:$7216	Masa: ......<end><brk> I-I'm fine. It's finally<br> passing.
11:$7246	Fumi's Mom: Um... take<br> this.<end><mode0>
11:$7257	<name> received<br> <cE3>8.<end><mode0>
11:$7264	Fumi's Mom: Please... Please<br> save Fumi.
11:$7280	Chief: I have seen the weasel<br> you describe.<end><brk> He ran up the shrine steps<br> and continued toward Kuyo<br> Pass...
11:$72CE	Gon: Urgh... That smelly<br> weasel from the other day...<end><brk> So he's a friend of yours.<br> Urgh...
11:$730D	Rokuro: Hmph! I... I still<br> don't accept you.
11:$732C	Masa: Oh, it's you!<end><brk> ...Sorry. We're discussing<br> something important.
11:$7360	Kinji: Actually, we're going<br> to surpri...
11:$737F	Masa: Hey!!
11:$738E	Kinji: Whoops. It was supposed<br> to be a secret. Heh heh<br> heh...
11:$73B0	Masa: Heh heh heh heh...
11:$73C1	Masa: Come on, Kinji! Quit<br> slacking!
11:$73E5	Kinji: We have to hurry and<br> finish it!<end><brk> But I'm starving! I don't<br> have any strength left, bro.
11:$741D	Old Seer: Destiny, fate,<br> tradition...<end><brk> All of it is about to be<br> overturned.<end><brk> Orochi is formidable, yes...<end><brk> but the light I sense in you<br> shines brighter still.
11:$7493	Nagi: Big bro! I still want to<br> come with you!<end><brk> I'm going! You can't say no!<end><brk> ...Or so I thought, but<br> suddenly I have to pee really<br> bad!<end><brk> Go on ahead!<end><brk> ...Or so I thought, but now I<br> feel like I have to go, but I<br> can't.<end><brk> Hmm... What do I do?
11:$7535	Innkeeper: Keyaki still hasn't<br> come back.<end><brk> I wonder what happened.
11:$755F	Fumi's Mom: <name>... Um,<br> take this.
11:$7575	<name> received <cE3>2.
11:$7581	Fumi's Mom: I'm sorry this is<br> all I can do. But please...<br> save Fumi.
11:$75B3	Kinji: Keyaki's gone missing?<end><brk> Nooooooo!!
11:$75E1	Gon: Where could Keyaki have<br> gone?<end><brk> Urgh... And I secretly had my<br> eye on her, too.
11:$761C	Rokuro: Say <name>,<br> would this be of use?<end><mode0>
11:$7639	<name> received<br> <cE3>0.<end><mode0>
11:$7648	Rokuro: I found it lying in<br> the hills out back.<end><brk> It's no use to me, so you can<br> have it.
11:$7682	Tagura: Good luck! You have<br> to save Fumi!
11:$76A4	Chief: What! The scroll is<br> gone?<end><brk> It was definitely there<br> yesterday...<end><brk> Come to think of it, I heard<br> someone saw a figure last<br> night,<end><brk> heading toward Dragon's<br> Maw.<end><brk> Apparently they avoided the<br> Easy road and took Normal<br> or Hard.<end><brk> Why don't you try taking<br> Normal or Hard too?<end><brk> Maybe you'll find<br> something...<end><brk> Forgive me... That was<br> terribly irresponsible of me<br> to suggest...
11:$77A6	Nagi: I saw a weird shield by<br> the river the other day,<end><brk> but I had to pee so bad that<br> I went home without it.<end><brk> I'll grab it next time.
11:$7803	Old Seer: For the first time,<br> hope is growing<end><brk> among the villagers.<end><brk> Thanks to you, light is<br> finally beginning to reach<br> this village.
11:$785F	Masa: Leave items in the<br> Warehouse and you won't<br> lose them if you collapse.<end><brk> But everything inside a Pot<br> disappears, so be careful.<end><brk> You can only bring 5 items<br> on an adventure.<end><brk> Remember, Pots lose their<br> contents.
11:$78F6	Gon: Maybe Keyaki...<end><brk> didn't want <name> to see<br> her looking like a monster...<end><brk> Urgh... So that's why she's<br> hiding...
11:$7964	Kinji: I think Keyaki might<br> have feelings for <name>...<end><brk> Ugh, I'm so jealous...
11:$7998	Innkeeper: I'm sure Keyaki<br> will come back.<end><brk> She'll smile like nothing<br> ever happened.
11:$79CC	Fumi's Mom: Please... Please<br> save Fumi.
11:$79EA	Rokuro: Don't you lose to<br> Orochi.
11:$79FF	Nagi: Hey, I picked up that<br> shield I told you about<br> yesterday. Here.
11:$7A24	<name> received <cE3><$00>.
11:$7A31	Nagi: I'm not sure it'll help,<br> but you can have it.
11:$7A52	Masa: Hey, <name>.<end><brk> Kinji and I expanded the<br> Warehouse yesterday.<end><brk> Now you can store a lot more<br> items.<end><brk> Remember, you can only<br> bring 5 items on an<br> adventure,<end><brk> and Pots lose their contents,<br> so be careful.
11:$7AE2	Innkeeper: I'm sure Keyaki<br> will come back.<end><brk> She'll smile like nothing<br> ever happened.
11:$7B16	Gon: Keyaki... What a sweet<br> girl. Urgh...
11:$7B3C	Nagi: If only I were<br> stronger...
11:$7B58	Kinji: Gran, I got my heart<br> broken.<end><brk> Food...
11:$7B7F	Old Seer: At a time like this,<end><brk> aren't you normally too<br> upset to eat?
11:$7BB5	Kinji: ...Keyakiii! Waaaaah!<end><brk> Chomp chomp chomp chomp!
11:$7BE1	Masa: Hey, Kinji! Stop<br> stress-eating<end><brk> and help me work!<end><brk> We still have things to do!
11:$7C36	Masa: Hey, <name>! This is<br> the last thing I can do for<br> you.<end><brk> I expanded the Warehouse as<br> far as it'll go.<end><brk> That's the limit.<end><brk> You can still only bring 5<br> items on an adventure,<end><brk> and Pots lose their contents<br> if you try to take them...<end><brk> The rest is up to you,<br> <name>!<end><brk> It all comes down to your<br> skill. We're counting on you!
11:$7D0A	Kinji: Chomp chomp chomp<br> chomp!<end><brk> Chomp chomp chomp chomp!!<end><brk> Chomp chomp chomp chomp<br> chomp!!!
11:$7D50	Old Seer: In the end, all you<br> do is eat...
11:$7D79	Rokuro: Truth is, I have<br> something for you,<br> <name>...<end><brk> But <name>, you're<br> carrying 5 items or more,<end><brk> so I can't give it to you.<br> Forget it...

# ---- wrapped by tools/wrap_en.py ----
11:$537F	: Log:<$00>
11:$56C3	Fumi: ...Mom.<end><brk> Mooom!!
11:$5C03	Kinji: Get this weasel drunk<br> and he starts telling tall<br> tales!<end><brk> Wa-ha-ha-ha!
11:$5C35	Koppa: Wh-whaaat...? Hic. I'll<br> have you know... Hm?<end><mode0>
11:$5C58	<name>, where're you<br> going? Hic.<end><brk> Oh, gotta pee? Off you go!<br> Hic.
11:$5C86	Koppa: Hic. Now, where was I?<br> Oh, right.<end><brk> So then I equipped the Heavy<br> Shield...
11:$5CD2	Everyone: Wa-ha-ha-ha!
11:$5CE2	Chief: What? You mean the<br> monsters at Kuyo Pass?<end><brk> ...Hmm.<cE1><mode1><$3C><cE0:1A><end><brk> Chief: You may have already<br> realized this, <name>,<end><brk> but all of those monsters<br> were once children offered as<br> sacrifices.<end><brk> But you need not regret<br> defeating them.<end><brk> It's better than wandering<br> forever at Yoshizota's<br> command,<end><brk> unable to return to normal.<end><brk> Sending them to their final<br> rest is kinder.<end><brk> That's why we named it Kuyo<br> Pass, where the lost find<br> rest.<end><brk> ...You don't need to worry<br> about Keyaki.<end><brk> Wait a few days and she'll<br> always return.<end><brk> As long as our clan carries<br> this trait,<end><brk> there is nowhere else we can<br> live.<end><brk> Chief: Come, everyone is<br> waiting. Let's go back.
11:$5E8C	<cF2><cF0><cF1><cF4>And so the village celebrated<br> all night, its old custom<br> finally broken.<end><brk> The next morning...<mode1><$C8><mode1><$64><mode0>
11:$5ECB	Innkeeper:<mode1><$14> Do you really have<br> to leave the very next<br> day...?<mode1><$B4><end><brk> Wouldn't you like to stay a<br> little longer?<mode1><$C8><mode0>
11:$5F03	Koppa:<mode1><$14> I'm hungover, so I'd<br> be happy to stay,<end><brk> but my partner here...<mode1><$B4><end><brk> Still, <name>... What about<br> Keyaki?<end><brk> Are you really okay leaving<br> her?<mode1><$B4><mode0>
11:$5F60	Fumi's Mom:<mode1><$14> Thank you so<br> much for everything.<mode1><$B4><end><brk> Her speech seems to be<br> coming back, little by<br> little...<mode1><$B4><mode0>
11:$5FB6	Fumi:<mode1><$14> Mister...<mode1><$1E> thank you<br> for saving me...<mode1><$3C> Mwah!<mode1><$1E><mode0>
11:$5FE6	Rokuro:<mode1><$14> Take care.<mode1><$64><mode0>
11:$5FF9	Nagi:<mode1><$14> You two were<br> amazing!<mode1><$B4><mode0>
11:$6016	Masa:<mode1><$14> Come back sometime<br> and I'll build you a house.<mode1><$B4><mode0>
11:$6038	Priest:<mode1><$14> Hey!<mode1><$3C> You're late!<mode1><$B4><mode0>
11:$6057	Gon:<mode1><$14> Sorry... Pant, pant.<mode1><$B4><mode0>
11:$6071	Chief:<mode1><$14> Well then, take<br> care...<mode1><$3C> Hm?<mode1><$50><cE7><mode0>
11:$6094	Cat:<mode1><$14> Meow...<mode1><$78><mode0>
11:$60A4	Masa:<mode1><$14> A stray cat?<mode1><$B4><mode0>
11:$60B8	Innkeeper:<mode1><$14> Isn't that the<br> stray cat from the shrine?<mode1><$64><end><brk> We haven't seen her<br> lately...<mode1><$3C> She came back.<mode1><$DC><mode0>
11:$60FC	Gon:<mode1><$14> Urgh...<mode1><$1E><end><brk> Come to think of it, I<br> thought I heard a stray cat<br> at the shrine earlier...<mode1><$DC><mode0>
11:$613E	Koppa:<mode1><$14> <name>!<mode1><$3C> Could it<br> be?!<mode1><$64><cE7><mode0>
11:$6157	Innkeeper:<mode1><$14> Keyaki...<mode1><$B4><cE7><mode0>
11:$616C	Keyaki:<mode1><$14> I just had to see you<br> one more time<mode1><$1E>.<mode1><$1E>.<mode1><$1E>.<mode1><$64><end><brk> You're leaving now, aren't<br> you?<mode1><$B4><end><brk> <name>, you're a<br> Wanderer, after all.<mode1><$1E><end><brk> Your next adventure is<br> waiting for you.<mode1><$78> That's<br> why<mode1><$64>...<mode1><$C8><end><brk> Keyaki:<mode1><$14> ...Um<mode1><$1E>, take this!<mode1><$64><mode0>
11:$61FD	<name> received a Medical<br> Herb.<mode1><$B4><mode0>
11:$620F	Keyaki:<mode1><$14> The first thing I<br> gave you was a Medical Herb<br> too,<end><brk> wasn't it?<mode1><$B4><end><brk> Since you're starting a new<br> journey, I thought it would<br> be fitting...<mode1><$78><end><brk> Well<mode1><$1E>.<mode1><$1E>.<mode1><$1E>.<mode1><$1E> take care of<br> yourself!<mode1><$B4><mode0>
11:$62F6	<cF2><cF0><cF1>May Kron, god of travelers,<br> grant you fair winds!<mode1><$C8><mode0>
11:$6311	<cF4>Keyaki:<mode1><$14> ...Um<mode1><$1E>, take this!<mode1><$64><mode0>
11:$7DCC	Nagi: Hey, I picked up that<br> shield I told you about<br> yesterday.<end><brk> Here it is.<end><brk> ...Or it would be, but you're<br> carrying 5 items or more.<end><brk> So I can't give it to you.
14:$4031	Shopkeeper: Welcome!<cE0:15>
14:$4042	Shopkeeper: Thank you!
14:$4057	Shopkeeper: For the items<br> you've purchased,<end><brk> that will be <cE5> Gitan.<end><mode0>
14:$408F	<cEC:08><cE5> Gitan. Buy it?<br><$81>Buy<br> Cancel
14:$40AC	<cEC:08><cE4> Gitan. Buy it?<br><$81>Buy<br> Cancel
14:$40C9	Shopkeeper: I see.<end><brk> Then I'll lower the price to<br> <cE4> Gitan.<end><brk> Does that work for you?
14:$40FC	Shopkeeper: For the items you<br> left in the shop,<end><brk> I'll pay you <cE6> Gitan.
14:$412B	<cEC:08><cE6> Gitan. Sell it?<br><$81>Sell<br> Cancel
14:$4148	Shopkeeper: That's too bad.
14:$415A	Shopkeeper: You don't have<br> enough money!
14:$4176	Shopkeeper: Oh no!<end><brk> It's a Monster House!<end><brk> Hurry to the stairs!
14:$41A6	<cEC:04>Shopkeeper is asleep.<br> <br>
14:$41C2	<cEC:04>  Moonlight Village<br>      Entrance<br>
14:$41DB	<cEC:04>   Lodging and Meals<br>       The Totoya<br>
14:$4202	<cEC:04>   Dragon's Cry Shrine<br><br>
14:$421B	<cEC:00>    Dragon's Maw<br> When the dragon cries,<br> its maw first opens
14:$4255	      The Rubbish Pot<br> Throw unwanted items<br> into the pot on the right.<end><brk> Once thrown away,<br> it is gone for good.
14:$42B7	Priest: I give advice to<br> travelers. What would you<br> like to know?<end><mode0>
14:$42EE	Priest: What would you like to<br> know?<end><mode0>
14:$4303	<cEC:09><$81>1: About moving<br> 2: About Items<br> 3: Other
14:$4329	<cEC:09><$81>1: How do I dash?<br> 2: How do I move diagonally?<br> 3: How do I turn in place?
14:$4361	Priest: Hold B and press the<br> D-Pad to dash.<end><brk> Holding B also lets you step<br> onto an item.
14:$43B3	Priest: Hold Start and press<br> the D-Pad to walk only<br> diagonally.
14:$43DF	Priest: Tap Start to display a<br> marker. Then use the D-Pad<br> to change direction.
14:$441D	<cEC:09><$81>1: How do I select items?<br> 2: How do I sort items?<br> 3: How do I fire arrows?
14:$4451	Priest: Tap B and choose<br> Items.<end><brk> Press left or right on the<br> D-Pad to change pages.<end><brk> To use an item, choose it and<br> press A, then check its<br> description for instructions.
14:$44D6	Priest: Press Start while the<br> Items menu is open.
14:$44FF	Priest: Equip arrows from the<br> Items menu,<end><brk> then hold Select and press A<br> to fire.
14:$453B	<cEC:09><$81>1: How do I heal faster?<br> 2: How do I view the map?<br> 3: How do I swap places?
14:$4575	Priest: Press A and B together<br> to recover faster.
14:$45A3	Priest: Tap Select to view the<br> dungeon map.
14:$45D4	Priest: To swap places with a<br> person or companion in the<br> dungeon,<end><brk> hold B and press the D-Pad.
14:$4610	   Kuyo Pass Route Map<br> Which path will you take?<end><mode0>
14:$4638	<cEC:09><$81>Easy (current road)<br> Normal<br> Hard
14:$465B	<cEC:09><$81>Easy<br> Normal (current road)<br> Hard
14:$467F	<cEC:09><$81>Easy<br> Normal<br> Hard (current road)
14:$46A4	<cEC:0E><$81>Go on<br> Stay here<br>
14:$46B5	<$81>Go on<br> Stay here<br>
14:$46C1	<$81>Go down<br> Stay here<br>
14:$46CD	<$81>Go up<br> Stay here<br>
14:$46EC	<cF4><cF2><cF0><name> was blown away by<br> the wind.<cF3><mode1><$78><mode0>
14:$4702	Hey! Somebody help me!
14:$4716	A voice is coming from inside<br> the well.
14:$472A	Hey! I'm down here! Help me!
14:$4746	<name> used the rope<br> beside the well to pull him<br> out.
14:$4767	Koppa: Phew! How many days<br> has it been since I saw<br> daylight?<end><brk> You saved me. Oh!...<end><brk> <nop>, <name>!<end><brk> Where have you been?! I was<br> so lonely! Waaaaah!
14:$47D5	<cE0:00><mode1><$02><cE0:28><name> reunited with<br> Koppa!<mode1><$78><end><brk> ...Maybe it's just been a<br> while,<end><brk> but he definitely smells a<br> little.
14:$4818	Koppa: ...So that's what<br> happened.<end><brk> You're going to save a girl<br> offered as a sacrifice...<end><brk> I heard there was a strange<br> shifting land here,<end><brk> and figured I'd find you if I<br> came, <name>.<end><brk> Koppa: But Dragon's Maw up<br> ahead won't open, so we're<br> stuck.<end><brk> Well, it's already night.<br> Let's get some sleep. Good<br> night.
14:$48DA	Koppa: Let's check out<br> Dragon's Maw before we<br> leave.
14:$4905	Dragon's Maw<br> When the dragon cries,<br> its maw shall open<end><brk> Koppa: When the dragon<br> cries, huh.<end><brk> ...Wait.<end><brk> Come to think of it, the<br> shrine in Moonlight<br> Village...!<end><brk> Koppa: <name>! Let's go<br> back!<end><brk> Something's definitely wrong<br> with that village!<end><brk> Think about it. When a<br> monster defeats <name><br> at Kuyo Pass,<end><brk> you get sent back to the<br> village, right?<end><brk> Then if that kid Nagi gets<br> defeated,<end><brk> shouldn't he be sent back<br> too?<end><brk> So why do the villagers say<br> he'll never return?<end><brk> Koppa: The sacrifice<br> tradition.<end><brk> The Baby Tank you saw in<br> the village.<end><brk> And that shrine...<end><brk> Moonlight Village is<br> definitely hiding something.
14:$4AA0	Koppa: We came all this way,<br> but of course it's still<br> closed...
14:$4AC6	Yoshizota: Hey!
14:$4AD3	Yoshizota: It's me, Yoshizota.<br> The medicine seller...<end><brk> This place opens if I read<br> this scroll, right?
14:$4B10	<cEC:09><$81>Why do you have a scroll?<br> Why are you here?<br> Never mind
14:$4B47	Yoshizota: Well, the truth is,<end><brk> I overheard your entire<br> conversation<end><brk> with the Village Chief.<end><brk> It sounded interesting, so I<br> took the scroll from the<br> shrine<end><brk> and came on ahead...<end><brk> But going in alone looked<br> scary,<end><brk> so I waited for you to show<br> up.
14:$4BE5	Yoshizota: All right, I'll<br> read it.
14:$4C89	Yoshizota: I'm Orochi.<mode1><$1E><end><brk> <cF4><cE0:05>The villagers call me a<br> monster, but give me a<br> break.<end><brk> I'm a perfectly normal human.<end><brk> They're the real monsters.<end><brk> You saw them yourselves,<br> didn't you?
14:$4F11	<cF0>Yoshizota drank the drug and<br> turned into Orochi!!<cF3><mode1><$1E><mode0>
14:$4FDC	<cF2><cF0><cF1><cF4>And so, <name> and his<br> friends defeated Orochi,<mode1><$B4><end><brk> then set out on another<br> adventure<end><brk> to return to Moonlight<br> Village...<mode1><cF0><mode0>
14:$529F	Keyaki: Here, take this!
14:$56EF	<cE0:00><mode1><$02><cE0:27><name> can now use the<br> Warehouse!<mode1><$78><end><brk> You can store all kinds of<br> things there!<cE0:0C>
14:$5BF2	<cF2><cF0>Nagi: We made it...<mode1><$78><mode0>
14:$5C05	<cF2><cF1> And the next morning...<mode1><$78><mode0>
14:$5F2A	Kinji: Once you become an<br> adult, the fits stop,<end><brk> and you stay in control<br> even when transformed.<end><brk> Some people take a while to<br> change back, like my<br> brother...
14:$5F8B	Rokuro: Be careful Nagi and<br> Tagura don't attack you.<end><brk> Children lose control when<br> they transform.
14:$5FD1	Priest: We don't follow the<br> Reeva faith...<end><brk> but I'll still pray for<br> Kron's wind to guide you.
14:$6016	Innkeeper: Don't go looking<br> for Keyaki.<end><brk> I don't think she wants<br> <name> to see her...
14:$604A	<cEC:08>Search the offering box?<br><$81>Yes<br> No
14:$606A	<name> searched the<br> offering box.
14:$607C	Koppa: ...Was the scroll<br> there?<end><brk> What? It's gone?! No way!
14:$60A2	Innkeeper: <name>... It's<br> about Keyaki...<end><brk> She hasn't come back since<br> last night. I wonder where<br> she went.
14:$68FE	<cF4>Kinji: No, listen, the thing<br> is...
14:$698C	Keyaki: ......<end><brk> Hearing you say that...<br> makes me so happy...
14:$69B7	Kinji: When you really love<br> someone, you start picking<br> up their habits.
14:$69E5	Kinji: ...So Keyaki really<br> does have feelings for<br> <name>...<end><brk> But still...
14:$6A14	Keyaki: ...<name> isn't from<br> here.<end><brk> And he intends to leave<br> Moonlight Village...
14:$6A4E	Kinji: R-right.<end><brk> Sure, right now he's stuck<br> here because he can't get<br> out...<end><brk> But he defeated Orochi.<end><brk> I'm sure he'll escape<br> someday.<end><brk> And yet Keyaki always sees<br> him off with a smile...<end><brk> Why? She may never see him<br> again!
14:$6B01	Keyaki: ...I've thought about<br> going with him so many<br> times...<end><brk> But I'd probably only be a<br> burden, and besides...<end><brk> I can only survive in this<br> village...<end><brk> So I told myself to give up.<end><brk> To let him go and forget<br> everything...
14:$6BB5	Kinji: Keyaki always sees him<br> off with a smile, but...<end><brk> Deep down, she must...
14:$6BF4	Kinji: Oh, Keyaki!
14:$6C09	Kinji: Wow, that's amazing!<br> I'm moved!<end><brk> Now I love her even more!
14:$6C3E	Kinji: Women are incredible!<end><brk> She carries all those<br> feelings<end><brk> and can still smile so<br> brightly!<end><brk> I never had a chance, of<br> course...<end><brk> but I won't give up.<end><brk> One day I'll get her to look<br> my way...<end><brk> Just kidding.<end><brk> And thus ends the rambling<br> monologue of a foolish man<end><brk> who decided for himself what<br> a woman was feeling. The end.
14:$6D22	Kinji: Ahh, shouting that out<br> made me feel better!<end><brk> All right, time to go home.<end><brk> Home to... eat my feelings!!<cF3>
14:$6D6B	Kinji: Chomp chomp chomp<br> chomp!<end><brk> Chomp chomp chomp chomp!!<end><brk> Chomp chomp chomp chomp<br> chomp!!!
14:$6DB1	Kinji: ........
14:$6DC5	Koppa: Huh? Didn't you say<br> items don't work here?
14:$6DED	Keyaki: Hm? No. I didn't come<br> to bring you an item.
14:$6E12	Keyaki: <name>, um...<end><brk> If you ever come back to the<br> village...<end><brk> will you pray with me?<end><brk> I'll be waiting at the<br> shrine.
14:$6E69	Keyaki: I'll be waiting...<end><brk> At the shrine.
14:$6E80	Keyaki: You came...<end><brk> Come on, let's pray.<cF4>
14:$6E9F	Keyaki: All right.<end><brk> We're done.
14:$6EAC	Keyaki: Thank you for coming<br> with me...<end><brk> Now I don't have any<br> regrets...
14:$6EDB	Chomomo: Meow.
14:$6EE6	Koppa: Hey, a stray cat!<cE7>
14:$6EF6	Keyaki: This one is probably<br> Tanmomo's sibling.<end><brk> So I named her Chomomo.<cE7>
14:$6F2B	Keyaki: I love stray cats,<br> especially how free they<br> are...<end><brk> ...The truth is, there was a<br> cat I loved very much,<end><brk> but he may never come back<br> here again...<end><brk> Yet if he settled down and<br> became a house cat,<end><brk> I think he'd lose the best<br> part of himself...<end><brk> ...So I decided to think of<br> it this way.<end><brk> Come see me whenever you<br> want.<cE7>
14:$7019	Keyaki: I'll always be here...<end><brk> That's what I mean.<cE7>
14:$7037	Keyaki: Oh! I almost forgot! I<br> told the Innkeeper I'd be<br> right back.<end><brk> ...See you.<cF3><cE7>
14:$706E	Keyaki: I'm sure you'll find a<br> way out someday, <name>.<end><brk> ...Good luck!
14:$70F3	Pochi: Woof! Woof woof! Woof!
14:$7105	Koppa: He says Fumi always<br> petted him, so he owes her.<end><brk> He wants to help too, so let<br> him join you.<end><brk> What do you say?
14:$7165	<cEC:08>Let Pochi join you?<br><$81>Yes<br> No
14:$7182	<cE0:28>The dog Pochi joined you!<mode1><$78>
14:$7198	Pochi: Woof woof woof wooooof!
14:$71A7	Koppa: He says to call him<br> anytime you need help.
14:$71D3	Pochi: Woof! Woof woof! Woof!<end><brk> (Let me come along too!)
14:$71F6	Koppa: He says Fumi always<br> petted him, so he owes her.<end><brk> He wanted to help too and<br> join you...<end><brk> but since you already have<br> a companion, never mind.
14:$7270	Pochi: Woof! Woof woof! Woof!<end><brk> (I wanted to come along<br> too...<end><brk> but since you already have<br> someone, never mind.)
14:$7305	Rooster: Cock-a-doodle-doo!
14:$73B0	<cEC:08>Let the Rooster join?<br><$81>Yes<br> No
14:$73CE	<cE0:28>The Rooster joined you!<mode1><$78>
14:$7311	Koppa: I am the strongest<br> rooster in history!<end><brk> To put it plainly, I am<br> strong!<end><brk> I've watched in silence until<br> now,<end><brk> but these useless villagers<br> are simply unbearable!<end><brk> If they won't go, then I<br> shall be your companion!<end><brk> That's what he says. What do<br> you want to do?
14:$73E2	Rooster: Cock-a-doodle-doo!<end><brk> (I am the mightiest rooster!<br> Take me with you!)
14:$7410	Koppa: I am the strongest<br> rooster in history!<end><brk> To put it plainly, I am<br> strong!<end><brk> I've watched in silence until<br> now,<end><brk> but these useless villagers<br> are simply unbearable!<end><brk> If they won't go, then I<br> shall be your companion!...<end><brk> is what he thought, but since<br> you already have a<br> companion,<end><brk> never mind.
14:$74C9	Rooster: Cock-a-doodle-doo!<end><brk> (I am the mightiest rooster!<br> Take me with you!<end><brk> ...or I would say that, but<br> you already have someone.<br> So be it!)
14:$75A1	Tanmomo: Mew, mew.<end><brk> (I'm a no-good kitty. Will<br> you make me your<br> companion?)
14:$75CE	<cEC:08>Let Tanmomo join you?<br><$81>Yes<br> No
14:$7645	Tanmomo: Mew mew? Mewww!<end><brk> (Huh? Well, it's your fault<br> for standing there!)
14:$7699	<cE0:28>The cat Tanmomo joined<br> you!<mode1><$78>
14:$76B0	Tanmomo: Yeeeeowl!
14:$76C0	Tanmomo: Mew, mew.<end><brk> (I'm a no-good kitty. Will<br> you make me your<br> companion?<end><brk> ...or I would ask, but you<br> already have someone. Never<br> mind.)
14:$770F	Tanmomo: Mew, mew.<end><brk> (I've been training and<br> gotten a little stronger<br> since then.<end><brk> Will you make me your<br> companion?)
14:$774A	Tanmomo: Mew, mew.<end><brk> (I've gotten so strong that<br> no one at Kuyo Pass can<br> beat me.<end><brk> Will you make me your<br> companion?)
14:$778D	Baby Mamel: Please take me<br> with you too...
14:$77D3	Baby Mamel: Thank you for<br> saving me.<end><brk> Here, take this as thanks!
14:$780A	Baby Mamel: Bye! See you!
14:$781F	Baby Mamel: Thank you for<br> saving me.<end><brk> I'll send this to your<br> Warehouse as thanks.
14:$7850	Baby Mamel: Thank you for<br> saving me.<end><brk> I'd like to give you<br> something as thanks...<end><brk> but your pack and<br> Warehouse are both full,<end><brk> so I can't give it to you.<br> Bye! See you!
14:$78AE	<name> received the Mamel<br> Sword!
14:$78BF	<name> received the Mamel<br> Shield!
