id	loc	bytes	jp	en
0	3:$4E4F	4	ゃす<name>６	
1	4:$4AFE	3	おかね	
2	11:$4012	5	こんぼう	
3	11:$4018	5	ながまき	
4	11:$401E	7	しんきぶき3	
5	11:$4026	3	カタナ	
6	11:$402A	9	ドラゴンキラー	
7	11:$4034	6	どうたぬき	
8	11:$403B	8	マンジカブラ	
9	11:$4044	10	じょうぶつのカマ	
10	11:$404F	4	つるはし	
11	11:$4054	8	ひっちゅうのけん	
12	11:$405D	9	ミノタウロスのおの	
13	11:$4067	9	ヨウトウかまいたち	
14	11:$4071	8	ひとつめゴロシ	
15	11:$407A	10	ドレインバスター	
16	11:$4085	9	かじんフウマとう	
17	11:$408F	11	ひけんカブラステギ	
18	11:$409B	6	マムルのけん	
19	11:$40A2	7	しんきぶき2	
20	11:$40AA	5	かわのたて	
21	11:$40B0	10	せいどうこうのたて	
22	11:$40BB	7	もっこうのたて	
23	11:$40C3	7	てっこうのたて	
24	11:$40CB	11	ドラゴンシールド	
25	11:$40D7	6	フウマのたて	
26	11:$40DE	9	バトルカウンター	
27	11:$40E8	9	じゅうそうのたて	
28	11:$40F2	8	やまびこのたて	
29	11:$40FB	6	みきりのたて	
30	11:$4102	7	ヒャッキのたて	
31	11:$410A	8	つかいすてのたて	
32	11:$4113	11	じらいナバリのたて	
33	11:$411F	6	トドのたて	
34	11:$4126	9	らせんフウマのたて	
35	11:$4130	6	マムルのたて	
36	11:$4137	6	しんきたて2	
37	11:$413E	8	つうかのうでわ	
38	11:$4147	9	ねぎりのうでわ	
39	11:$4151	11	ハラヘラズのうでわ	
40	11:$415D	9	ハラヘリのうでわ	
41	11:$4167	9	かいふくのうでわ	
42	11:$4171	10	サビよけのうでわ	
43	11:$417C	9	かいしんのうでわ	
44	11:$4186	9	つうこんのうでわ	
45	11:$4190	10	のろいよけのうでわ	
46	11:$419B	9	えんとうのうでわ	
47	11:$41A5	9	しあわせのうでわ	
48	11:$41AF	11	たれながしのうでわ	
49	11:$41BB	8	とうしのうでわ	
50	11:$41C4	11	こんらんよけのうでわ	
51	11:$41D0	10	しきべつのうでわ	
52	11:$41DB	8	しんきうでわ1	
53	11:$41E4	8	しんきうでわ2	
54	11:$41ED	3	きのや	
55	11:$41F1	4	てつのや	
56	11:$41F6	5	ぎんのや	
57	11:$41FC	5	おにぎり	
58	11:$4202	9	おおきいおにぎり	
59	11:$420C	9	くさったおにぎり	
60	11:$4216	11	きょだいなおにぎり	
61	11:$4222	4	たまご	
62	11:$4227	10	しんきしょくりょう1	
63	11:$4232	4	やくそう	
64	11:$4237	7	おとぎりそう	
65	11:$423F	6	しあわせそう	
66	11:$4246	7	めぐすりそう	
67	11:$424E	8	ドラゴンそう	
68	11:$4257	5	むてきそう	
69	11:$425D	6	てんしのたね	
70	11:$4264	7	ふっかつのくさ	
71	11:$426C	6	クネクネそう	
72	11:$4273	6	ふこうのたね	
73	11:$427A	9	ちょうふこうのたね	
74	11:$4284	8	ものわすれのくさ	
75	11:$428D	6	いのちのくさ	
76	11:$4294	9	いかくちょうのたね	
77	11:$429E	10	いしゅくしょうのたね	
78	11:$42A9	8	すばやさのたね	
79	11:$42B2	6	ちからのたね	
80	11:$42B9	7	どくけしそう	
81	11:$42C1	5	どくそう	
82	11:$42C7	6	こんらんそう	
83	11:$42CE	6	すいみんそう	
84	11:$42D5	5	ざっそう	
85	11:$42DB	7	たかとびそう	
86	11:$42E3	6	しんきくさ1	
87	11:$42EA	9	おはらいのまきもの	
88	11:$42F4	10	しきべつのまきもの	
89	11:$42FF	8	あかりのまきもの	
90	11:$4308	14	つぼぞうだいのまきもの	
91	11:$4317	12	しんくうぎりのまきもの	
92	11:$4324	9	くちなしのまきもの	
93	11:$432E	10	ひきあげのまきもの	
94	11:$4339	11	こまったときのまきもの	
95	11:$4345	12	てきばいそくのまきもの	
96	11:$4352	10	バクスイのまきもの	
97	11:$435D	13	パワーアップのまきもの	
98	11:$436B	10	ぜんめつのまきもの	
99	11:$4376	10	じばくのまきもの	
100	11:$4381	10	おおべやのまきもの	
101	11:$438C	13	モンスターハウスのまきもの	
102	11:$439A	9	こんらんのまきもの	
103	11:$43A4	13	ジェノサイドのまきもの	
104	11:$43B2	8	はくしのまきもの	
105	11:$43BB	9	まいごのまきもの	
106	11:$43C5	12	てんのめぐみのまきもの	
107	11:$43D2	11	ちのめぐみのまきもの	
108	11:$43DE	8	メッキのまきもの	
109	11:$43E7	10	すいだしのまきもの	
110	11:$43F2	10	ひろえずのまきもの	
111	11:$43FD	9	コロコロのまきもの	
112	11:$4407	8	しんきまきもの1	
113	11:$4410	8	しんきまきもの2	
114	11:$4419	7	ふういんのつえ	
115	11:$4421	9	ふきとばしのつえ	
116	11:$442B	7	しあわせのつえ	
117	11:$4433	6	ふこうのつえ	
118	11:$443A	8	みがわりのつえ	
119	11:$4443	10	ばしょがえのつえ	
120	11:$444E	6	しんきつえ2	
121	11:$4455	7	まどうのつえ	
122	11:$445D	9	かなしばりのつえ	
123	11:$4467	11	いちじしのぎのつえ	
124	11:$4473	8	いたみわけのつえ	
125	11:$447C	6	しんきつえ1	
126	11:$4483	8	ほぞんのツボ	
127	11:$448C	10	やりすごしのツボ	
128	11:$4497	9	ぶんれつのツボ	
129	11:$44A1	8	きょうかのツボ	
130	11:$44AA	9	しきべつのツボ	
131	11:$44B4	7	せなかのツボ	
132	11:$44BC	7	そうこのツボ	
133	11:$44C4	9	じゃくかのツボ	
134	11:$44CE	8	そこぬけのツボ	
135	11:$44D7	8	まもののルツボ	
136	11:$44E0	8	へんげのツボ	
137	11:$44E9	9	ごうせいのツボ	
138	11:$44F3	7	トドのツボ	
139	11:$44FB	7	しんきツボ1	
140	11:$4503	8	おうごんのはね	
141	11:$450C	7	しあわせのはこ	
142	11:$4514	7	きみょうなはこ	
143	11:$451C	7	イェンダー1	
144	11:$4524	7	イェンダー2	
145	11:$452C	4	ギタン	
146	11:$4531	5	かさタヌキ	
147	11:$4673	9	ダイヤのうでわ	
148	11:$467D	9	パールのうでわ	
149	11:$4687	9	ルビーのうでわ	
150	11:$4691	10	サファイアのうでわ	
151	11:$469C	9	サンゴのうでわ	
152	11:$46A6	11	エメラルドのうでわ	
153	11:$46B2	11	アメジストのうでわ	
154	11:$46BE	10	オパールのうでわ	
155	11:$46C9	8	ヒスイのうでわ	
156	11:$46D2	8	コハクのうでわ	
157	11:$46DB	11	トパーズのうでわ	
158	11:$46E7	8	メノウのうでわ	
159	11:$46F0	10	クリスタルのうでわ	
160	11:$46FB	11	ガーネットのうでわ	
161	11:$4707	11	アクアマリンのうでわ	
162	11:$4713	9	ガラスのうでわ	
163	11:$471D	10	プラチナのうでわ	
164	11:$472C	5	あかいくさ	
165	11:$4732	5	あおいくさ	
166	11:$4738	6	きいろいくさ	
167	11:$473F	7	みどりのくさ	
168	11:$4747	5	しろいくさ	
169	11:$474D	5	くろいくさ	
170	11:$4753	7	つちいろのくさ	
171	11:$475B	8	かっしょくのくさ	
172	11:$4764	7	むらさきのくさ	
173	11:$476C	7	ちゃいろのくさ	
174	11:$4774	7	はいいろのくさ	
175	11:$477C	8	みずいろのくさ	
176	11:$4785	7	しゅいろのくさ	
177	11:$478D	7	こんいろのくさ	
178	11:$4795	9	ピンクいろのくさ	
179	11:$479F	10	オレンジいろのくさ	
180	11:$47AA	8	はだいろのくさ	
181	11:$47B3	9	クリームいろのくさ	
182	11:$47BD	9	ベージュのくさ	
183	11:$47C7	10	こげちゃいろのくさ	
184	11:$47D2	8	レモンいろのくさ	
185	11:$47DB	8	バラいろのくさ	
186	11:$47E4	9	こがねいろのくさ	
187	11:$47EE	9	おうどいろのくさ	
188	11:$47F8	11	ネズミのえのまきもの	
189	11:$4804	9	ウシのえのまきもの	
190	11:$480E	9	トラのえのまきもの	
191	11:$4818	11	ウサギのえのまきもの	
192	11:$4824	10	リュウのえのまきもの	
193	11:$482F	10	ヘビのえのまきもの	
194	11:$483A	9	ウマのえのまきもの	
195	11:$4844	11	ヒツジのえのまきもの	
196	11:$4850	9	サルのえのまきもの	
197	11:$485A	11	ニワトリのえのまきもの	
198	11:$4866	9	イヌのえのまきもの	
199	11:$4870	11	イノシシのえのまきもの	
200	11:$487C	9	ネコのえのまきもの	
201	11:$4886	9	シカのえのまきもの	
202	11:$4890	10	カエルのえのまきもの	
203	11:$489B	11	トカゲのえのまきもの	
204	11:$48A7	10	ゾウのえのまきもの	
205	11:$48B2	10	キリンのえのまきもの	
206	11:$48BD	9	クマのえのまきもの	
207	11:$48C7	9	カメのえのまきもの	
208	11:$48D1	9	ツルのえのまきもの	
209	11:$48DB	11	スズメのえのまきもの	
210	11:$48E7	11	ライオンのえのまきもの	
211	11:$48F3	9	サイのえのまきもの	
212	11:$48FD	12	コンドルのえのまきもの	
213	11:$490A	9	ワニのえのまきもの	
214	11:$4914	10	キツネのえのまきもの	
215	11:$491F	6	さくらのつえ	
216	11:$4926	5	うめのつえ	
217	11:$492C	5	まつのつえ	
218	11:$4932	5	たけのつえ	
219	11:$4938	6	すぎのつえ	
220	11:$493F	7	やなぎのつえ	
221	11:$4947	5	くりのつえ	
222	11:$494D	5	きんのつえ	
223	11:$4953	6	ぎんのつえ	
224	11:$495A	6	どうのつえ	
225	11:$4961	5	てつのつえ	
226	11:$4967	5	いしのつえ	
227	11:$496D	6	ほそいツボ	
228	11:$4974	6	まるいツボ	
229	11:$497B	7	しかくいツボ	
230	11:$4983	8	さんかくのツボ	
231	11:$498C	10	でこぼこのツボ	
232	11:$4997	6	ふといツボ	
233	11:$499E	9	ほしがたのツボ	
234	11:$49A8	11	たまごがたのツボ	
235	11:$49B4	6	あさいツボ	
236	11:$49BB	6	ふかいツボ	
237	11:$49C2	9	ゆがんだツボ	
238	11:$49CC	8	くびれたツボ	
239	11:$49D5	12	みかづきがたのツボ	
240	11:$49E2	9	ひしがたのツボ	
241	11:$4B2C	3	マムル	
242	11:$4B30	5	しのつかい	
243	11:$4B36	6	ギャザー	
244	11:$4B3D	5	ボウヤー	
245	11:$4B43	4	ガマラ	
246	11:$4B48	6	デブータ	
247	11:$4B4F	6	きりせんにん	
248	11:$4B56	4	ミドロ	
249	11:$4B5B	6	ぬすっトド	
250	11:$4B62	7	くねくねハニー	
251	11:$4B6A	8	エーテルもどき	
252	11:$4B73	8	アイアンヘッド	
253	11:$4B7C	9	おばけダイコン	
254	11:$4B86	5	すすりムシ	
255	11:$4B8C	6	セルアーマー	
256	11:$4B93	4	タウロス	
257	11:$4B98	7	いやしウサギ	
258	11:$4BA0	6	きめんむしゃ	
259	11:$4BA7	8	ぼうれいむしゃ	
260	11:$4BB0	7	マスターチキン	
261	11:$4BB8	3	チキン	
262	11:$4BBC	8	こぞうてんぐ	
263	11:$4BC5	5	ぴーたん	
264	11:$4BCB	6	シューベル	
265	11:$4BD2	7	とおせんりゅう	
266	11:$4BDA	8	パコレプキン	
267	11:$4BE3	8	オヤジせんしゃ	
268	11:$4BEC	8	にぎりへんげ	
269	11:$4BF5	6	ノロージョ	
270	11:$4BFC	9	ガイコツまどう	
271	11:$4C06	5	ゲイズ	
272	11:$4C0C	8	コドモせんしゃ	
273	11:$4C15	8	ちょうちんふぐ	
274	11:$4C1E	6	ヤミウッチー	
275	11:$4C25	8	ばくだんウニ	
276	11:$4C2E	5	モラビー	
277	11:$4C34	6	にらみヘビ	
278	11:$4C3B	8	ねずみこぶん	
279	11:$4C44	7	カラスてんぐ	
280	11:$4C4C	9	かっとびイノシシ	
281	11:$4C56	5	かさタヌキ	
282	11:$4C5C	7	カラカイおさる	
283	11:$4C64	4	チンタラ	
284	11:$4C69	3	オロチ	
285	11:$4C6D	8	あなぐらマムル	
286	11:$4C76	9	じごくのししゃ	
287	11:$4C80	9	キラーギャザー	
288	11:$4C8A	8	クロスボウヤー	
289	11:$4C93	7	ガマグッチ	
290	11:$4C9B	7	デブーチョ	
291	11:$4CA3	6	みのせんにん	
292	11:$4CAA	5	ゲドロ	
293	11:$4CB0	7	みどりトド	
294	11:$4CB8	7	くねくねハニー	
295	11:$4CC0	8	エーテルもどき	
296	11:$4CC9	8	チェインヘッド	
297	11:$4CD2	9	めまわしダイコン	
298	11:$4CDC	8	きゅういんちゅう	
299	11:$4CE5	7	クロムアーマー	
300	11:$4CED	6	ミノタウロス	
301	11:$4CF4	7	いやしウサギ	
302	11:$4CFC	7	はんにゃむしゃ	
303	11:$4D04	8	ぼうれいむしゃ	
304	11:$4D0D	8	グレートチキン	
305	11:$4D16	7	カラスてんぐ	
306	11:$4D1E	8	にげピータン	
307	11:$4D27	6	メンベルス	
308	11:$4D2E	10	ドラゴンヘッド	
309	11:$4D39	9	パコレプキーナ	
310	11:$4D43	8	ガンコせんしゃ	
311	11:$4D4C	8	にぎりおやかた	
312	11:$4D55	9	ノロージョのあね	
313	11:$4D5F	9	ガイコツまじん	
314	11:$4D69	10	スーパーゲイズ	
315	11:$4D74	6	ちびタンク	
316	11:$4D7B	8	あんどんフグ	
317	11:$4D84	6	フイウッチー	
318	11:$4D8B	8	ばくだんウニ	
319	11:$4D94	5	ワラビー	
320	11:$4D9A	9	ギョロつきヘビ	
321	11:$4DA4	9	ねずみおやぶん	
322	11:$4DAE	9	ハヤブサてんぐ	
323	11:$4DB8	9	げきとつイノシシ	
324	11:$4DC2	7	からかさタヌキ	
325	11:$4DCA	7	チャカシおさる	
326	11:$4DD2	7	ちゅうチンタラ	
327	11:$4DDA	3	オロチ	
328	11:$4DDE	8	どうくつマムル	
329	11:$4DE7	5	しにがみ	
330	11:$4DED	8	ヘルギャザー	
331	11:$4DF6	6	ボウヤー3	
332	11:$4DFD	6	ガマゴン	
333	11:$4E04	7	デブートン	
334	11:$4E0C	7	かすみせんにん	
335	11:$4E14	4	オドロ	
336	11:$4E19	7	アイアントド	
337	11:$4E21	7	くねくねハニー	
338	11:$4E29	8	エーテルもどき	
339	11:$4E32	8	ギガヘッド	
340	11:$4E3B	8	ねむりダイコン	
341	11:$4E44	8	がぶのみムシ	
342	11:$4E4D	7	チタンアーマー	
343	11:$4E55	7	メガタウロス	
344	11:$4E5D	7	いやしウサギ	
345	11:$4E65	6	しょうぐん	
346	11:$4E6C	8	ぼうれいむしゃ	
347	11:$4E75	8	てんぐししょう	
348	11:$4E7E	8	とびぴーたん	
349	11:$4E87	8	ベルトーベン	
350	11:$4E90	9	スルードラゴン	
351	11:$4E9A	10	パコレプキング	
352	11:$4EA5	8	イッテツせんしゃ	
353	11:$4EAE	9	にぎりもとじめ	
354	11:$4EB8	9	ノロージョのはは	
355	11:$4EC2	8	ガイコツまおう	
356	11:$4ECB	10	ハイパーゲイズ	
357	11:$4ED6	6	ちびタンク	
358	11:$4EDD	7	かんてらフグ	
359	11:$4EE5	8	ダマシウッチー	
360	11:$4EEE	8	ばくだんウニ	
361	11:$4EF7	5	タカビー	
362	11:$4EFD	8	ガンたれヘビ	
363	11:$4F06	8	ねずみくろまく	
364	11:$4F0F	8	イヌワシてんぐ	
365	11:$4F18	8	かいめつイノシシ	
366	11:$4F21	7	たんたんタヌキ	
367	11:$4F29	8	ミクダシおさる	
368	11:$4F32	6	おおチンタラ	
369	11:$4F39	3	オロチ	
370	11:$4F3D	8	とうぞくばん	
371	11:$4F46	5	ばんけん	
372	11:$4F4C	4	てんしゅ	
373	11:$4F51	4	コッパ	
374	11:$4F56	5	フミのはは	
375	11:$4F5C	2	フミ	
376	11:$4F5F	3	ポチ	
377	11:$4F63	4	むらおさ	
378	11:$4F68	3	ナギ	
379	11:$4F6C	4	ニワトリ	
380	11:$4F71	4	かんぬし	
381	11:$4F76	8	ぱしりのゴン	
382	11:$4F7F	3	おかみ	
383	11:$4F83	3	ケヤキ	
384	11:$4F87	7	だいくのマサ	
385	11:$4F8F	9	だいくのキンジ	
386	11:$4F99	4	ロクロウ	
387	11:$4F9E	7	こどもマムル	
388	11:$4FA6	8	うらないババ	
389	11:$4FAF	4	タンモモ	
390	11:$4FB4	4	タグラ	
391	11:$4FB9	6	ヨシゾウタ	
392	11:$4FC0	3	つぼ	
393	11:$5330	10	 ぼうけんにでる	
394	11:$533B	8	 にっきをつくる	
395	11:$5344	8	 にっきをうつす	
396	11:$534D	7	 にっきをけす	
397	11:$5355	8	 なまえをかえる	
398	11:$535E	15	 ばんづけ／パスワード	
399	11:$536E	5	 かいそう	
400	11:$5374	10	 フェイのもんだい	
401	11:$537F	7	：ふうらいの 	
402	11:$5387	16	  をけしてもよろしいですか？	
403	11:$5398	8	 ふうらいにっき	
404	11:$53A1	4	やさしい	
405	11:$53A6	3	ふつう	
406	11:$53AA	6	むずかしい	
407	11:$53B1	7	ツキカゲむら	
408	11:$53B9	7	へんげのもり	
409	11:$53C1	9	コマシラどうくつ	
410	11:$53CB	8	けしんのいわば	
411	11:$53D4	7	クヨウとうげ	
412	11:$53DC	8	りゅうのあぎと	
413	11:$53E5	7	オロチのまくつ	
414	11:$53ED	12	ツキカゲむらでぐち	
415	11:$53FA	6	 どうぐ	
416	11:$5401	5	 あしもと	
417	11:$5407	3	 わな	
418	11:$540B	6	 かいだん	
419	11:$5412	5	 マップ	
420	11:$5418	5	 とじる	
421	11:$541E	6	 でぐち	
422	11:$5425	4	 おわる	
423	11:$542A	4	 おりる	
424	11:$542F	5	 あがる	
425	11:$5435	4	 すすむ	
426	11:$543A	5	 そのまま	
427	11:$5440	3	 ふむ	
428	11:$5444	7	 ばんづけ	
429	11:$544C	8	 パスワード	
430	11:$5459	9	もっとむずかしい	
431	11:$548B	17	ドラゴンけいモンスターにつよい	
432	11:$549D	16	ゴーストけいモンスターにつよい	
433	11:$54AE	13	ひとつめモンスターにつよい	
434	11:$54BC	19	ステータスをうばうモンスターにつよい	
435	11:$54D0	4	「にく」	
436	11:$54D5	7	かべをほれる	
437	11:$54DD	15	かならずこうげきがあたる	
438	11:$54ED	15	かいしんのいちげきがでる	
439	11:$54FD	21	まえ3ほうこう 1どにこうげきできる	
440	11:$5513	10	おなかがへりにくい	
441	11:$551E	10	おなかがへりやすい	
442	11:$5529	5	さびない	
443	11:$552F	5	「どく」	
444	11:$5535	19	ドラゴンのほのおのちからをよわめる	
445	11:$5549	16	うけたダメージを はねかえす	
446	11:$555A	14	まほうこうげきをはねかえす	
447	11:$5569	16	てきのこうげきがあたりにくい	
448	11:$557A	22	こうげきをうけるたびにつよさがさがる	
449	11:$5591	19	ばくはつのダメージをすくなくする	
450	11:$55A5	6	ぬすまれない	
451	11:$55C6	23	そうびするとこうげきりょくがあがるぞ	
452	11:$55DE	17	おおきなダメージをあたえるぞ	
453	11:$55F0	24	そうびするとぼうぎょりょくがあがるぞ	
454	11:$5609	7	そうびすると	
455	11:$5611	17	なげて つかうこともできるぞ	
456	11:$5623	15	なげても こうかがあるぞ	
457	11:$5633	11	とおくからモンスターを	
458	11:$563F	20	そうびすれば セレクトをおしながら	
459	11:$5654	16	Aボタンで やを うてるぞ	
460	11:$5665	17	カベになげてわれば なかみを	
461	11:$5677	8	とりだせるぞ	
462	11:$5680	14	なかまにも きいてしまうぞ	
463	11:$568F	14	モンスターにむかって ふると	
464	11:$56C3	23	フミ「・・・おかあさん<end><br> おかあさーん！！」	
465	11:$56DB	12	フミのはは「ああ・・・」	
466	11:$56E8	54	ナギ「フミちゃん ケガないかい？<br> つらかっただろうに・・・けど<br> よかったよ ぶじで・・・」	
467	11:$571F	33	むらおさ「オ、オロチを・・・<br> オロチを ついに たおしたのか！」	
468	11:$5741	11	キンジ「やったあ！」	
469	11:$574D	34	マサ「もう こどもたちを いけにえに<br> しなくても すむんだ！」	
470	11:$5770	133	ロクロウ「こんなメデタイことは<br> ないぜ。さあ こんやはえんかいだ！<end><brk> おっと しんぱいしなくてもいいぜ。<br> きょうは くもっているだろうから<br> へんしんは たぶん しねえぜ。<end><brk> さあ みんな！ <name>さんを<br> かこんで ドンチャンやろうぜ！」	
471	11:$57F6	12	みんな「おおーーっ！！」	
472	11:$5803	179	おかみ「きょうは わたしのおごり<br> だからね ジャンジャンのんで<br> おくれ<end>・・・と、<end><brk> ・・・あんた よくみたら にもつ<br> いっぱいもっていて それじゃ<br> くつろげないわね。<end><brk> たいせつな もちものは いまのうち<br> そうこに しまっておいたほうが<br> いいんじゃ ないかしら。<end><brk> よっぱらって なくしちゃうと<br> いけないし・・・」	
473	11:$58B7	45	おかみ「たいせつな もちものは<br> いまのうちに そうこへ しまった<br> ほうが いいわよ」	
474	11:$58E5	18	ロクロウ「はは・・・ゆかい ゆかい」	
475	11:$58F8	71	かんぬし「あのオロチを たおすとは<br> さすがじゃのう。<end><brk> はっきりいって いろいろアドバイス<br> した わしのおかげじゃがのう」	
476	11:$5940	98	だいくのマサ「もちものは なくすと<br> いけないから そうこに しまって<br> おいたほうが いいぜ。<end><brk> あのそうこは あんたのものなんだ<br> からよ。これからも じゆうに<br> つかってくれよ」	
477	11:$59A3	41	うらないオババ「こんなに おおさわぎ<br> するのも なんねんぶりだろねえ」	
478	11:$59CD	84	ナギ「にいちゃん ありがとな。<br> おれ フミちゃんの かおをみれた<br> ときは もう・・・うれしくてさ。<end><brk> フミちゃんも だいぶおちついてきた<br> みたいだよ」	
479	11:$5A22	45	フミ「・・・おにいちゃん<br> ・・・わたし・・・まだ・・<br> ドキドキしちゃって・・・」	
480	11:$5A50	35	タグラ「また さんにんで<br> あそべるんだね。わーい わーい！」	
481	11:$5A74	92	フミのはは「<name>さんの おふとん<br> を しいているんです。つかれたら<br> ここでやすんで くださいね。<end><brk> さっ これがおわったら わたしも<br> おかみさんを てつだわなきゃ！」	
482	11:$5AD1	20	ぱしりのゴン「うわっはっはっはー！」	
483	11:$5AE6	160	だいくのキンジ「さっき こんなカミが<br> おちてたんだけど・・・<end><brk> 『もちものを もちださずにクリアー<br> しても、パスワードはふえる・・・<end><brk> ほかにも いろんなことをすれば<br> パスワードは ふえていくぞ・・・』<end><brk> ・・・なんのことだか さっぱり<br> わからないけど <name>さん<br> わかる？」	
484	11:$5B87	73	コッパ「・・んでさぁ ヒック<end><brk> そのとき <name>があぶない！ と<br> おもったから オイラは ヨシゾウタ<br> を けんで バシュッと・・」	
485	11:$5BD1	49	ぱしりのゴン「うわっはっはっはー！<end><br> おめえ なかなかジョウダンが<br> うめえなーっ！」	
486	11:$5C03	49	だいくのキンジ「このイタチ<br> よっぱらうと ホラまで ふくだ！<br> うわっはっはっはー！」	
487	11:$5C35	34	コッパ「ぬ、ぬわにぃ・・・ヒック<br> オ、オイラはなあ・・・ん？<end><mode0>	
488	11:$5C58	45	 <name> どこいくんだ？ ヒック<end><brk> ああ オシッコか・・・<br> いってらっさーい ヒック」	
489	11:$5C86	75	コッパ「ヒック ええっと どこまで<br> はなしたっけ・・・そうだ そうだ<end><brk> そして オイラは じゅうそうのたて<br> を そうびした・・・」	
490	11:$5CD2	15	みんな「うわっはっはっはー！」	
491	11:$5CE2	425	むらおさ「なに？・・クヨウとうげの<br> かいぶつたちについてじゃと？<br> ・・・ふむ」<cE1><mode1>ぇ<cE0:1A><end><brk>むらおさ「<name>さんも おきづき<br> かとおもうが、じつは あそこにいる<br> かいぶつどもは みな、<end><brk> いけにえにされた こどもたち<br> なんですじゃ。<end>しかし たおした<br> ことを くいるひつようは ない。<end><brk> もとにもどれず ヨシゾウタの<br> いいなりに さまようよりは・・・<end><brk> いっそのこと じょうぶつしてあげた<br> ほうが あのコらもラクじゃろうて。<end><br> だからあそこを クヨウとうげと<end><brk> なづけたのじゃよ・・・<end><brk> ・・・ケヤキのことは しんぱい<br> せんでもよい。なんにちか まてば<br> かならず もどってきますじゃ。<end><brk> わがいちぞくの たいしつがある<br> いじょう ここいがいに すめる<br> ばしょは ないのです」<end><brk>むらおさ「さあ みんな まっておる。<br> はやく もどりましょう」	
492	11:$5E8C	62	<cF2><cF0><cF1><cF4>こうして シキタリをたちきったむらの<br>うたげが よどおし おこなわれた。<br>そして つぎのあさ・・・<mode1><$C8><mode1>モ<mode0>	
493	11:$5ECB	55	おかみ<mode1>こ「なにも きのうのきょう<br> でていかなくても・・・<mode1>Fもうすこし<br> ゆっくりしていったら？」<mode1><$C8><mode0>	
494	11:$5F03	92	コッパ<mode1>こ「オイラも ふつかよいだから<br> そうしたいところなんだけど<br> アイボウがさあ・・・<mode1>F<brk> けど<name>さあ、ケヤキちゃんって<br> コのこと ほんとにいいのかい？」<mode1>F<mode0>	
495	11:$5F60	85	フミのはは<mode1>こ「おかげさまで ほんとうに<br> ありがとうございました。<mode1>F<brk> すこしずつですが コトバのほうも<br> もどってきているみたいで・・」<mode1>F<mode0>	
496	11:$5FB6	47	フミ<mode1>こ「おにいちゃん・・・<mode1>と<br> たすけてくれて ありがとう・・・<mode1>ぇ<br> チュッ！」<mode1>と<mode0>	
497	11:$5FE6	18	ロクロウ<mode1>こ「たっしゃでな」<mode1>モ<mode0>	
498	11:$5FF9	28	ナギ<mode1>こ「にいちゃんたち<br> カッコよかったぜ」<mode1>F<mode0>	
499	11:$6016	33	だいくのマサ<mode1>こ「こんどきたら ウチを<br> たててやらあ」<mode1>F<mode0>	
500	11:$6038	30	かんぬし<mode1>こ「これっ！<mode1>ぇ<br> おそいではないかっ！」<mode1>F<mode0>	
501	11:$6057	25	ぱしりのゴン<mode1>こ「すみません・ハアハア」<mode1>F<mode0>	
502	11:$6071	34	むらおさ<mode1>こ「それでは げんきでな<br> ・・・<mode1>ぇん？」<mode1>ソ<cE7><mode0>	
503	11:$6094	15	ネコ<mode1>こ「ニャア・・・」<mode1>ッ<mode0>	
504	11:$60A4	19	だいくのマサ<mode1>こ「ノラネコ？」<mode1>F<mode0>	
505	11:$60B8	67	おかみ<mode1>こ「あれ じんじゃにいたノラネコ<br> でしょ？<mode1>モ さいきん みかけなかった<br> けど・・・<mode1>ぇかえってきたんだ」<mode1><$DC><mode0>	
506	11:$60FC	65	ぱしりのゴン<mode1>こ「うーっ<mode1>と そういえば<br> さっき じんじゃで ノラネコの<br> こえが きこえてたような・・・」<mode1><$DC><mode0>	
507	11:$613E	24	コッパ<mode1>こ「<name>！<mode1>ぇ もしかしたら！」<mode1>モ<cE7><mode0>	
508	11:$6157	20	おかみ<mode1>こ「ケヤキちゃん・・・」<mode1>F<cE7><mode0>	
509	11:$616C	144	ケヤキ<mode1>こ「やっぱり もういちど<br> あいたくて<mode1>と・<mode1>と・<mode1>と・<mode1>モ<br> もう いっちゃうんでしょ？<mode1>F<brk> <name>さんは フウライニンだもン<br> ね。<mode1>とつぎのぼうけんが まっているン<br> だものね。<mode1>ッだから<mode1>モ・・・」<mode1><$C8><brk>ケヤキ<mode1>こ「・・・あの<mode1>と これ あげる！」<mode1>モ<mode0>	
510	11:$61FD	17	<name>は やくそうを もらった。<mode1>F<mode0>	
511	11:$620F	101	ケヤキ<mode1>こ「たしか さいしょにあげたのも<br> やくそう だったよね。<mode1>F<brk> あたらしい たびだちだから<br> これがいいとおもって・・・<mode1>ッ<br> じゃ<mode1>と・<mode1>と・<mode1>と・<mode1>とおげんきで！」<mode1>F<mode0>	
512	11:$6275	20	コッパ<mode1>こ「いこうぜ！ <name>！」<mode1>ッ<mode0>	
513	11:$628A	19	だいくのマサ<mode1>こ「じゃあな」<mode1>ほ<mode0>	
514	11:$629E	17	ロクロウ<mode1>こ「ありがとよ」<mode1>ほ<mode0>	
515	11:$62B0	18	ナギ<mode1>こ「げんきでね！」<mode1>ほ<mode0>	
516	11:$62C3	17	むらおさ<mode1>こ「きをつけてな」<mode1>ほ<mode0>	
517	11:$62D5	32	<mode1>ぇケヤキ<mode1>こ「つぎのぼうけんも<br> がんばってね！<mode1>◀<mode0>	
518	11:$62F6	26	<cF2><cF0><cF1><br> たびのかみクロンの おいかぜを！<mode1><$C8><mode0>	
519	11:$6311	27	<cF4>ケヤキ<mode1>こ「・・・あの<mode1>と これ あげる！」<mode1>モ<mode0>	
520	11:$632D	18	ロクロウ「おっ、よそモンだ・・・」	
521	11:$6340	24	タグラ「おにいちゃん どっから<br> きたの？」	
522	11:$6359	55	ぱしりのゴン「コッパ？ しらねえな。<end><br> うーーーっ このむらで おちあう<br> ことになってたのかい？」	
523	11:$6391	13	ポチ「ワン！ ワワン！」	
524	11:$639F	39	フミのはは「シキタリとはいえ・・・<end><br> なんだって うちのむすめが・・・」	
525	11:$63C7	37	むらおさ「かわいそうだが フミちゃん<br> のことは あきらめるんじゃ」	
526	11:$63ED	39	だいくのキンジ「オロチには だれも<br> かなわねえ。どうしようもないよ」	
527	11:$6415	11	ナギ「ちくしょう！」	
528	11:$6421	15	むらおさ「あっ！ ナギ！！」	
529	11:$6431	51	だいくのキンジ「あいつも つらいよな<end><br> フミちゃんとは いちばん なかが<br> よかったからな」	
530	11:$6465	13	フミのはは「ううう・・・」	
531	11:$6473	38	だいくのキンジ「くそっ オロチさえ<br> いなけりゃ こんなことには・・・」	
532	11:$649A	83	むらおさ「このむらは オロチという<br> かいぶつに しはいされておる。<end><brk> ねんにいちど おさないこどもを<br> いけにえに ささげなければ ならぬ<br> のじゃ」	
533	11:$64EE	11	ニワトリ「コケーッ！」	
534	11:$64FA	76	おかみ「あらっ おきゃくさん？<end><brk> えっ ちがうの。いやね よそからの<br> きゃくなんて めったに こないから<br> はっきりいって ヒマでヒマで・・」	
535	11:$6547	51	うらないオババ「オロチは<br>『クヨウとうげ』に すんでおる。<br> てしたの かいぶつとともにな」	
536	11:$657B	176	だいくのマサ「このさきは<br> 『クヨウとうげ』っていってな<br> とてもキケンなところなんだ。<end><brk> どうしてもというのなら いくまえに<br> じんじゃによりな。かんぬしさまが<br> いろいろ おしえてくれるぜ。<end><brk> あと クヨウとうげは、みちが<br> 3つに わかれているんだ。<end><brk> そこのカンバンのちずを みれば<br> みちを えらべるぜ」	
537	11:$662C	122	だいくのマサ「そとにでるまえに<br> もうすこし むらびとたちに はなし<br> かけたほうが いいぜ。<end><brk> あと クヨウとうげは、みちが<br> 3つに わかれているんだ。<end><brk> そこのカンバンのちずを みれば<br> みちを えらべるぜ」	
538	11:$66A7	18	ロクロウ「た、たいへんだーっ！！」	
539	11:$66BA	54	ロクロウ「ナギがっ！ ナギが<br> いねえんだっ！<end> どこさがしても<br> みあたらないんだよ！！」	
540	11:$66F1	33	だいくのマサ「あれ？ さっきここで<br> みかけたけどな・・・」	
541	11:$6713	49	ロクロウ「まさか・・・<end>いや<br> まちがいない！<end> あいつ<br> フミちゃんをたすけにいったんだ！」	
542	11:$6745	98	むらおさ「ムチャじゃ！ かいぶつども<br> のエジキになるのがオチだわい！<end><brk> まだそんなにとおくまで いっとりゃ<br> せん！ いますぐ おいかければ<br> まにあうとおもうが・・・」	
543	11:$67A8	59	だいくのマサ「や、やだよ オレは・・<end><br> ナギが むらおさの マゴとはいえ<br> あんなとこ いきたかねえよ！」	
544	11:$67E4	65	ロクロウ「あそこで かいぶつに<br> やられでもしたら さいご、<br> にどと かえってこれねえ。<end><brk> あきらめるしか ねえよ」	
545	11:$6826	47	おかみ「まったく このむらには<br> おとこってやつが いないのかねえ！<br> だらしのないっ！」	
546	11:$6856	30	おかみ「あ、あんた！ ナギを<br> たすけに いくのかい？！」	
547	11:$6875	37	だいくのマサ「わるいことはいわねえ。<br> やめておいたほうが いいぜ」	
548	11:$689B	115	ロクロウ「おい、いきてえってヤツを<br> ムリにとめることは ないだろ？<br> いかして やれよ。<end><brk> まっ、よそもンはいいよな。<br> たとえ かいぶつにやられても<br> ここに もどされるだけだし・・・<end><brk> オレたちと ちが・・・	
549	11:$690F	17	むらおさ「こらっ！ ロクロウ！！」	
550	11:$6921	9	ロクロウ「・・・」	
551	11:$692B	16	おかみ「フウライニンさん・・・」	
552	11:$693C	29	むらおさ「ロクロウ。<br> ・・・しゃべりすぎじゃぞ」	
553	11:$695A	8	ノラネコ「ミー」	
554	11:$6963	72	ケヤキ「あ・・・<end>たびのかた ですか？<end><br> やどでしたら、ここを おりた<br> ところに ありますわ。<end><brk> 『ととや』という おみせです」	
555	11:$69AC	13	ケヤキ「あ、あの！・・・」	
556	11:$69BA	29	ケヤキ「・・・い、いえ いいんです。<br> ごめんなさい」	
557	11:$69D8	105	おかみ「おはよう。<end>ずいぶん<br> ぐっすり ねむってたわよ。<br> よっぽど つかれてたんだね。<end><brk> ところで あんたに きゃくだよ。<end><br> おきたら よんでくれって。<br> ほら あそこにいる おとこ」	
558	11:$6A42	62	ヨシゾウタ「あんた クヨウとうげから<br> かえってきたんだって？<end> すげえじゃ<br> ねえか。まあ いっぱい やりな」	
559	11:$6A81	21	<name>は みしらぬオトコと はなし<br>こんだ。	
560	11:$6A97	108	ヨシゾウタ「おれのなは ヨシゾウタ。<br> クスリうりながら ぜんこくを<br> たびしている。<end><brk> このむらにも ときどき よるんだ。<br> なあ あんた。このあとは やっぱり<br> フミを たすけにいくんだろ？」	
561	11:$6B04	54	ヨシゾウタ「オロチは てごわいって<br> きくけど あんたなら なんとか<br> しそうだ。がんばれよ！」	
562	11:$6B3B	45	ヨシゾウタ「おれ あんたのこと<br> きにいっちまったよ。<br> こんど また のもうぜ！」	
563	11:$6B69	13	フミのはは「ううう・・・」	
564	11:$6B77	58	ナギ「おばさん だいじょうぶだよ。<br> このにいちゃんが きっと たすけて<br> くれるって！<end> なっ！」<mode0>	
565	11:$6BB2	44	むらおさ「ありがとうございます。<br> まさか ナギに いきて<br> あえるとは・・・」	
566	11:$6BDF	36	むらおさ「えっ ヨシゾウタ？<end><br> や、やつが むらに いるのか？！」	
567	11:$6C04	16	むらおさ「・・・・・・・・・・」	
568	11:$6C15	168	ぱしりのゴン「な、なんだ コッパって<br> イタチのことだったのかい？！<br> それなら みただよ。<end><brk> あんたがくる なんにちか まえだ。<br> いかにも くさそうなイタチが めの<br> まえを とおりすぎたんだ。<end><brk> あれっきりだが イタチがむかってた<br> ほうこう・・・ありゃ クヨウとうげ<br> のほうだな。うーーっ」	
569	11:$6CBE	37	ロクロウ「ケッ！ ナギひとりたすけた<br> ぐらいで いいきになるなよ」	
570	11:$6CE4	32	タグラ「ねえ とうちゃん。<br> ナギって どこいってたの？」	
571	11:$6D05	37	だいくのマサ「あんた・・・なかなか<br> やるな。ちょっと みなおしたぜ」	
572	11:$6D2B	201	うらないオババ「ツキカゲむらから<br> 15ちけいぐらい はなれたばしょが<br> 『りゅうのあぎと』とよばれておる。<end><brk> オロチは、さらにさきの 6ちけい、<end><br> つまりツキカゲむらより 21ちけい<br> ぐらいさきに、いるといわれておる。<end><brk> ・・・なんで わしが こんなことを<br> おしえるのかと いうことじゃが、<end><brk> おぬしが なんとかしてくれそうな、<br> きがしてきてのう・・・」	
573	11:$6DF5	10	ケヤキ「<name>さーん！」	
574	11:$6E00	32	ケヤキ「こんどは いよいよ<br> フミちゃんね。<end> はい これ！」	
575	11:$6E21	12	<name>は<br><cE3:07>を もらった。	
576	11:$6E2E	19	ケヤキ「がんばってね！・・・あっ」	
577	11:$6E42	21	だいくのキンジ「おい<end> これもってけ」	
578	11:$6E58	11	<name>は <cE3:04>を<br>もらった	
579	11:$6E64	47	だいくのキンジ「オレのバンメシ<br> だかんな。あんちゃんたちには<br> ナイショだかんな」	
580	11:$6E94	36	ケヤキ「キンジさんも・・おうえんして<br> くれるんだ・・・<end>うれしい」	
581	11:$6EB9	138	むらおさ「・・ナ、ナギは？<end><br> ・・・やはり ムリかのぉ。<end><brk> こどものあしだと、いまごろは<br> ここから 10ちけいぐらい さきに<br> いっているような きがするが・・・<end><brk> あそこらへんの かいぶつは<br> おそろしいから・・・<br> おお、しんぱいだわい・・・」	
582	11:$6F44	70	ぱしりのゴン「うーーっ<end><br> やっぱり みてねえだよ。<br> コッパなんてヤツ。<end><brk> べつのむらに いっちまったんじゃ<br> ねえか？」	
583	11:$6F8B	58	ロクロウ「ケッ！ もどされたンか！<br> やっぱり ダメじゃねえか！<end><br> あんなとこ いくだけムダだぜ」	
584	11:$6FC6	30	タグラ「ねえ フミちゃんって どこ<br> いっちゃったの？」	
585	11:$6FE5	60	だいくのマサ「ナギをたすけることが<br> できなくても だれも あんたを<br> とがめやしねえ。よそもンだからな」	
586	11:$7022	26	だいくのキンジ「ばあちゃん<br> ハラへったよォ」	
587	11:$703D	52	うらないオババ「あんた さっきたべた<br> ばかりじゃないか！ バンメシまで<br> がまんしな」	
588	11:$7072	41	うらないオババ「このむらは<br> のろわれた うんめいを<br> せおっているんじゃ」	
589	11:$709C	180	ロクロウ「あんた・・・なんだって<br> こんなこと くりかえしてンだ？<br> じぶんの トクになるワケじゃなし。<end><brk> ・・・まあ、どうしても いくって<br> いうのなら とめねえけど、<br> ひとつだけ おしえといて やらあ。<end><brk> クヨウとうげは みちが<br> 3つに わかれているんだ。<end><brk> そこのカンバンのちずを みれば<br> みちを えらべるぜ」	
590	11:$7151	44	だいくのキンジ「ケヤキちゃんって<br> かわいいよな・・・<br> おれは・・・おれは・・・」	
591	11:$717E	53	だいくのマサ「おまえ ケヤキちゃんが<br> しんせつにしてくれるからって<br> いいきになるんじゃないぜ」	
592	11:$71B4	41	うらないオババ「どだい オロチに<br> さからうなど ムリな はなしじゃ」	
593	11:$71DE	55	だいくのキンジ「あんちゃん<br> ほっさ だいじょうぶかい？・・・<br> まだ くるしそうにみえるけど」	
594	11:$7216	47	だいくのマサ「・・・・・・<end><br> だ、だいじょうぶだ。ようやく<br> おさまってきたよ」	
595	11:$7246	16	フミのはは「あの・・これを」<end><mode0>	
596	11:$7257	12	<name>は <cE3:09>をもらった<end><mode0>	
597	11:$7264	27	フミのはは「フミを・・・<br> フミを おねがいします」	
598	11:$7280	77	むらおさ「あなたのいう イタチなら<br> わしも みたことがありますぞ。<end><brk> じんじゃのかいだんを かけぬけて<br> そのまま クヨウとうげへ・・・」	
599	11:$72CE	62	ぱしりのゴン「うーーっ このあいだの<br> くさそうなイタチ<end> あれは あんたの<br> ともだち だったのか。<end>うーーっ」	
600	11:$730D	30	ロクロウ「フン！ おれは・・・<br> おれは みとめねえからな」	
601	11:$732C	51	だいくのマサ「おお あんたかい！<end><br> ・・・ゴメンよ。いま だいじな<br> はなしを してんだ」	
602	11:$7360	30	だいくのキンジ「じつはよ<br> あんたを おどろ・・・」	
603	11:$737F	14	だいくのマサ「コラッ！！」	
604	11:$738E	33	だいくのキンジ「やべえ。<br> ナイショだった。へへへ・・・」	
605	11:$73B0	16	だいくのマサ「へへへへ・・・」	
606	11:$73C1	35	だいくのマサ「ほら！ キンジ！<br> チンタラしてんじゃねえぞ！」	
607	11:$73E5	55	だいくのキンジ「いそいで<br> つくらなきゃ！<end> けど、ハラへって<br> ちからが でねえよ。あんちゃん」	
608	11:$741D	117	うらないオババ「うんめい<end>、サダメ、<end><br> シキタリ・・・<end>それらが いま<br> くつがえされようとしておる。<end><brk> たしかにオロチは てごわい・・<end>が、<br> おぬしの かがやきは それいじょう<br> に かんじられるんじゃ」	
609	11:$7493	161	ナギ「にいちゃん！ やっぱり おれも<br> いきたいんだ！ ついていくよ！<br> やだっていっても ダメだぜ！<end><brk> ・・・と おもったけど きゅうに<br> モレそうに なっちゃったから<br> さきに いっててーーっ！<end><brk> ・・・と おもったけど これが<br> でそうで でなくなっちゃった。<br> うーん どうしよ？」	
610	11:$7535	41	おかみ「ケヤキちゃん まだ もどって<br> こないのよ。どうしちゃったんだろ」	
611	11:$755F	21	フミのはは「<name>さん・・・<br> あの これを」	
612	11:$7575	11	<name>は <cE3:03>をもらった。	
613	11:$7581	49	フミのはは「このぐらいのことしか<br> できなくて すみません。けど<br> どうか フミを・・・」	
614	11:$75B3	45	キンジ「ケヤキちゃんが いなく<br> なっちゃったんだって？<end><br> うおおおおーーーっ！」	
615	11:$75E1	58	ぱしりのゴン「ケヤキちゃん どこ<br> いっちゃったんだろー？<end> うーーっ<br> おれも ひそかにねらっていたのに」	
616	11:$761C	28	ロクロウ「なあ <name>さん<br> これ やくにたつかなあ？」<end><mode0>	
617	11:$7639	14	<name>は <cE3:01>を<br>もらった。<end><mode0>	
618	11:$7648	57	ロクロウ「うらやまに おちてたんで<br> ひろったんだ。おれがもってても<br> つかいみちないんで やるわ それ」	
619	11:$7682	33	タグラ「がんばってね！<br> きっと フミちゃんをたすけてね！」	
620	11:$76A4	257	むらおさ「なんと！ まきものが<br> ないとな！<end> きのうまでは<br> たしかに あったんじゃが・・・<end><brk> そういえば ゆうべ だれかから<br> 『りゅうの あぎと』へ むかう<br> ひとかげを みたときいたぞ。<end><brk> なんでも 『やさしい』みちは<br> とおらず『ふつう』か『むずかしい』<br> のほうへ はいっていったそうな。<end><brk> 『ふつう』か『むずかしい』を<br> とおって あんたらも いってみては<br> どうじゃ？ なんとかなるような・・<end><brk> すまん・・・すごくムセキニンな<br> いいかたじゃった・・・」	
621	11:$77A6	92	ナギ「このあいだ かわべで へんな<br> たてが おちてたんだけどさ、<end><brk> おれ もれそうだったんで とらずに<br> かえってきちゃったんだ。<br> こんど とってくるよ」	
622	11:$7803	91	うらないオババ「むらびとたちのなかに<br> はじめて キボウというものが<br> うまれてきておる。<end><brk> おぬしのおかげで このむらにも<br> ヒカリが あたりつつあるのじゃ」	
623	11:$785F	150	だいくのマサ「そうこに アイテムを<br> おいとけば ぼうけんの とちゅうで<br> ちからつきても なくならないぜ。<end><brk> ただし ツボのなかみは すべて<br> きえるから きをつけな。<end><brk> あと ぼうけんには アイテムを<br> 5こしかもっていけないぜ。ツボは<br> なかみが きえちゃうからな」	
624	11:$78F6	109	ぱしりのゴン「もしかしたら<br> ケヤキちゃんって・・・<end><brk> <name>さんに かいぶつになった<br> じぶんのスガタを みられたく<br> なかっただかなあ・・・<end><brk> うーーっ それで かくれちゃった<br> んだなあ・・・」	
625	11:$7964	51	だいくのキンジ「ケヤキちゃんは<br> たぶん <name>さんのことが・・・<end><br> くっ うらやましい・・・」	
626	11:$7998	51	おかみ「ケヤキちゃん きっともどって<br> くるわよ。なにごともなかったように<br> カラリとわらってさ」	
627	11:$79CC	29	フミのはは「おねがいします。<br> どうか フミを・・・」	
628	11:$79EA	20	ロクロウ「オロチなんかに<br> まけるなよ」	
629	11:$79FF	36	ナギ「あっ きのういってた たてを<br> ひろってきたんだ。これだよ」	
630	11:$7A24	12	<name>は <cE3:00>を<br>もらった。	
631	11:$7A31	32	ナギ「やくにたつか わからないけど<br> とにかく あげるよ」	
632	11:$7A52	143	だいくのマサ「あっ <name>さん。<br> きのう キンジとふたりで<br> そうこを ぞうちくしたんだ。<end><brk> これで アイテムが もっと<br> おけるように なったぜ。<end><brk> あと ぼうけんには アイテムを5こ<br> しかもっていけないし ツボはなかみ<br> がきえちゃうから、ちゅういしてな」	
633	11:$7AE2	51	おかみ「ケヤキちゃん きっともどって<br> くるわよ。なにごともなかったように<br> カラリとわらってさ」	
634	11:$7B16	37	ぱしりのゴン「ケヤキちゃん・・・<br> かわいいコだったなあ うーーっ」	
635	11:$7B3C	27	ナギ「ああ おれが もっと<br> つよければ・・・」	
636	11:$7B58	38	だいくのキンジ「ばあちゃん おれ<br> シツレンしちまった。<end>メシ・・・」	
637	11:$7B7F	53	うらないオババ「こーゆーとき ふつう<br> なにも のどに とおらないもンなん<br> じゃ ないのかねえ」	
638	11:$7BB5	43	だいくのキンジ「・・・ケヤキちゃぁん<br> うえーんっ<end> がつがつがつがつ！」	
639	11:$7BE1	84	だいくのマサ「おい キンジ！<br> いつまでも ヤケぐいしてねえで<br> しごとを てつだえよ！<end><brk> おれたちには まだ やることが<br> のこってんだから！」	
640	11:$7C36	211	だいくのマサ「よう <name>さん！<br> これが おれにできる さいごの<br> しごとだ。<end><brk> そうこを ひろげられるだけ<br> ひろげたからよ。<br> まっ これがげんかいだな。<end><brk> ぼうけんに もっていける<br> アイテムすうは あいかわらず<br> 5こまでだし、<end><brk> ツボも もっていこうとすると<br> なかみが きえちゃうけど・・・<end><brk> あとは <name>さん！<br> あんたの うでしだいだ。<br> たのんだぜ！」	
641	11:$7D0A	69	だいくのキンジ「がつがつがつがつ！<end><br> がつがつがつががつ！！<end><br> がつがつがつががつがつがつ！！！」	
642	11:$7D50	40	うらないオババ「けっきょく あんたは<br> たべてばかりナンだねえ・・・」	
643	11:$7D79	82	ロクロウ「じつは <name>さんに<br> わたしたいものがあるんだけど・・・<end><brk> <name>さん もちものを 5コ<br> いじょうもっていて わたせないから<br> よしとくわ・・・」	
644	11:$7DCC	89	ナギ「あっ きのういってた たてを<br> ひろってきたんだ。これだよ。<end><brk> ・・・と、おもったけど にいちゃん<br> 5コいじょう もちものをもっている<br> から わたせないや」	
645	13:$4571	13	<cE0:2B>とっぷうだ！！<cE7:A0>	
646	13:$457F	11	……かぜはおさまった	
647	13:$458B	14	……さっきよりつよいぞ<cE7:3C>	
648	13:$459A	19	<cE0:20><cEC:6E>からだをささえきれない！<cE7:B4>	
649	13:$45AE	13	<cE0:2C>とっぷうだ！！<cE7:3C>	
650	13:$45BC	14	<cE0:88>おなかが へってきた…	
651	13:$45CB	19	<cE0:88>ハラペコで めがまわってきた	
652	13:$45DF	19	<cE0:88>だめだ もう たおれそうだ！	
653	13:$45F3	16	<cE0:88>はやく…なにかたべないと…	
654	13:$4604	15	<cE0:88>うえじに してしまう！！	
655	13:$4614	5	<cE3>をおいて	
656	13:$461A	9	<cE1><cE0:4C><cE3>をひろった	
657	13:$4624	8	<cE0:4C><cE3>をひろった	
658	13:$462D	7	<cE1><cE3>をひろった	
659	13:$4635	9	ここには おけない	
660	13:$463F	10	なにも おちていない	
661	13:$464A	19	もちものが いっぱいで もてない	
662	13:$465E	7	<cE0:46><cE3>をもった	
663	13:$4666	7	<cE0:48><cE3>をつけた	
664	13:$466E	9	<cE0:47><cE3>をはずした	
665	13:$4678	9	<cE0:49><cE3>をはずした	
666	13:$4682	10	<cE0:4E>のろわれていた！	
667	13:$468D	18	<cE0:4E>のろわれていて はずれなかった	
668	13:$46A0	5	<cE3>にのった	
669	13:$46A6	5	<cE3>をおいた	
670	13:$46AC	2	<cE3>を	
671	13:$46AF	10	くすりにしてのんだ	
672	13:$46BA	6	<cE3>をたべた	
673	13:$46C1	6	<cE3>をよんだ	
674	13:$46C8	16	みせの アイテムは いれられない	
675	13:$46D9	5	<cE3>をふった	
676	13:$46DF	5	<cE3>をおした	
677	13:$46E5	5	<cE3>のなかに	
678	13:$46EB	5	<cE3>をいれた	
679	13:$46F1	4	はいった	
680	13:$46F6	6	<cE3>のなかから	
681	13:$46FD	8	<cE3>をだした<cE7:05>	
682	13:$4706	18	ツボのなかに ツボはいれられない	
683	13:$4719	16	ツボのなかには もうはいらない	
684	13:$472A	6	<cE3>がわれた	
685	13:$4731	2	<cE3>は	
686	13:$4734	6	<var>にあたった	
687	13:$473B	8	じめんにおちた	
688	13:$4744	17	おちて つかいものにならなくなった	
689	13:$4756	8	ここは ほれない	
690	13:$475F	7	<cE3>は こわれた	
691	13:$4767	15	しかし うでわのまりょくで	
692	13:$4777	7	サビなかった	
693	13:$477F	8	のろわれなかった	
694	13:$4788	9	こんらんしなかった	
695	13:$4792	14	おなかがいっぱいになった	
696	13:$47A1	14	すこし おなかが ふくれた	
697	13:$47B0	10	おなかはふくれたが	
698	13:$47BB	17	<cE0:85>HPが<cE4>ポイントさがった	
699	13:$47CD	13	うごきが おそくなった	
700	13:$47DB	6	<cE3>をおとした	
701	13:$47E2	12	つえ のこうかで <var>に	
702	13:$47EF	16	<cE0:86>まっすぐあるけなくなった！	
703	13:$4800	19	<cE0:87>もうれつに ねむくなってきた・・・	
704	13:$4814	16	ちからが<cE4>ポイントさがった	
705	13:$4825	21	ひろうだけで しきべつかのうになった	
706	13:$483B	16	ちからを さげられなくなった！	
707	13:$484C	21	たまごのこうかで ちからはさがらない	
708	13:$4862	14	ふみんじょうたいになった！	
709	13:$4871	20	しかしたまごのこうかでねむらなかった	
710	13:$4886	12	はらがへらなくなった！	
711	13:$4893	15	モンスターをおこさなくなった！	
712	13:$48A3	17	<cE0:6A>HPが<cE4>ポイントあがった	
713	13:$48B5	21	<cE0:6B>みえないものが みえるようになった！	
714	13:$48CB	15	<cE0:6D>むてきじょうたいになった	
715	13:$48DB	11	むてきではなくなった	
716	13:$48E7	15	<cE0:6E>しかし アイテムをつかって	
717	13:$48F7	7	ふっかつした！	
718	13:$48FF	22	<cE0:6F>さいだいHPが<cE4>ポイントあがった	
719	13:$4916	19	しきべつしたものをわすれてしまった！	
720	13:$492A	16	まんぷくどのさいだいちが	
721	13:$493B	8	<cE0:70><cE6>％になった	
722	13:$4944	8	<cE0:71><cE6>％になった	
723	13:$494D	18	<cE0:73>ちからが<cE4>ポイントあがった	
724	13:$4960	14	<cE0:73>ちからのさいだいちが	
725	13:$496F	11	<cE4>ポイントあがった	
726	13:$497B	13	<cE0:72>ちからがかいふくした	
727	13:$4989	10	<cE0:86><var>はこんらんした	
728	13:$4994	13	しかし なにもおきなかった	
729	13:$49A2	2	<cE3>の	
730	13:$49A5	9	のろいがとけた！	
731	13:$49AF	6	なんと！<cE3>は	
732	13:$49B6	5	<cE3>だった	
733	13:$49BC	7	これは<cE3>だ！	
734	13:$49C4	5	ラッキー！	
735	13:$49CA	20	すべてのアイテムがしきべつされた！	
736	13:$49DF	20	ダンジョンがみわたせるようになった	
737	13:$49F4	12	<cE0:56>おおきさが<cE4>ふえた	
738	13:$4A01	15	<cE0:58>くちがつかえなくなった！	
739	13:$4A11	12	くちがつかえない！<cE7:0A>	
740	13:$4A1E	22	<cE0:68>まわりのモンスターのうごきがとまった	
741	13:$4A35	16	アイテムをひろえるようになった！	
742	13:$4A46	17	HPがかいふくするようになった！	
743	13:$4A58	17	まっすぐ あるけるようになった！	
744	13:$4A6A	21	<cE0:5A>モンスターのはやさが2ばいになった	
745	13:$4A80	15	かべがくずれてしまった！	
746	13:$4A90	11	<var>はでてこなくなった	
747	13:$4A9C	18	このまきものはよまずになげること	
748	13:$4AAF	17	するとそのてきがでてこなくなる	
749	13:$4AC1	16	<cE0:60>マップをわすれてしまった！	
750	13:$4AD2	3	<cE3>が	
751	13:$4AD6	5	<cE3>になった	
752	13:$4ADC	20	そうびに きんのメッキが なされた！	
753	13:$4AF1	11	なかみを すいだした	
754	13:$4AFD	20	<cE0:62>アイテムをひろえなくなってしまった！	
755	13:$4B12	12	アイテムがひろえない！	
756	13:$4B1F	14	しかし なにもぬすめなかった	
757	13:$4B2E	14	やが そうびされていない	
758	13:$4B3D	13	<cE0:74><var>は すばやくなった	
759	13:$4B4B	9	なんと！<cE3>だった	
760	13:$4B59	12	  うりね：<cE5>ギタン<end>	
761	13:$4B66	4	<var>は<var>に	
762	13:$4B6B	18	<cE4>ポイントのダメージをあたえた	
763	13:$4B7E	3	<var>から	
764	13:$4B82	17	<cE4>ポイントのダメージをうけた	
765	13:$4B94	7	<var>をやっつけた	
766	13:$4B9C	10	<cE5>のけいけんちをえた	
767	13:$4BA7	12	<var>のこうげきをかわした	
768	13:$4BB4	13	<var>のこうげきははずれた	
769	13:$4BC2	15	<var>はレベル<cE4>にあがった<cE0:23>	
770	13:$4BD2	15	<var>はレベル<cE4>にさがった<cE0:89>	
771	13:$4BE2	15	<var>はレベルがあがって<cE0:24>	
772	13:$4BF2	15	<var>はレベルがさがって<cE0:89>	
773	13:$4C02	5	<var>になった	
774	13:$4C08	12	<var>はようすをみている<cE7:05>	
775	13:$4C15	8	<var>はねむっている	
776	13:$4C1E	14	かいしんのいちげき！<cE7:14><mode0>	
777	13:$4C2D	13	<var>は ちからつきた…<cE7:1E><mode1>	
778	13:$4C3B	6	<var>は <var>から	
779	13:$4C42	7	<cE3>をぬすんだ	
780	13:$4C4A	13	へんなじゅもんをとなえた	
781	13:$4C58	14	<var>は くさったえき をはいた	
782	13:$4C67	14	けんが サビてしまった！	
783	13:$4C76	14	たてが サビてしまった！	
784	13:$4C85	11	しかし <cE3>はサビない	
785	13:$4C91	19	しかし そうびした けんはサビない	
786	13:$4CA5	19	しかし そうびした たてはサビない	
787	13:$4CB9	19	しかしメッキされたたてはサビなかった	
788	13:$4CCD	19	しかしメッキされたけんはサビなかった	
789	13:$4CE1	17	けんのメッキがはげてしまった！	
790	13:$4CF3	17	たてのメッキがはげてしまった！	
791	13:$4D05	18	けんのごうせいがとけてしまった！	
792	13:$4D18	18	たてのごうせいがとけてしまった！	
793	13:$4D2B	19	くねくねハニーはクネクネーをおどった	
794	13:$4D3F	13	<var>はレベル<cE4>にさがった	
795	13:$4D4D	11	<var>はちからをすいとった	
796	13:$4D59	18	ちからのさいだいちが<cE4>さがった	
797	13:$4D6C	16	<cE0:E6>つうこんのいちげき！<cE7:14><mode0>	
798	13:$4D7D	10	いやしウサギは<var>に	
799	13:$4D88	15	かいふくのじゅもんをとなえた	
800	13:$4D98	7	のりうつった！	
801	13:$4DA0	9	<var>は ワープした	
802	13:$4DAA	11	<var>は なかまをよんだ	
803	13:$4DB6	19	おおきいおにぎりにかわってしまった！	
804	13:$4DCA	14	のろいのじゅもんをとなえた	
805	13:$4DD9	19	そうびちゅうのたてが のろわれた！	
806	13:$4DED	14	そうびちゅうのアイテムが	
807	13:$4DFC	11	もっていたアイテムが	
808	13:$4E08	11	すべて のろわれた！	
809	13:$4E14	15	<var>は ようじゅつをかけた<cE7:05>	
810	13:$4E24	10	なんと！ アイテムは	
811	13:$4E2F	11	なんと！ かいだんは	
812	13:$4E3B	10	モンスターだった！	
813	13:$4E46	18	しかし モンスターは しょうめつした	
814	13:$4E59	12	<var>はハラヘリーをとなえた	
815	13:$4E66	18	まんぷくどが <cE6>％になった<cE0:71>	
816	13:$4E79	10	<var>は ぶんれつした	
817	13:$4E84	17	おとしあなに あしを ふみいれた！	
818	13:$4E96	13	しかし おちずにすんだ	
819	13:$4EA4	17	トラバサミに ひっかかった！<cE0:75>	
820	13:$4EB6	15	トラバサミに ひっかかった！	
821	13:$4EC6	18	トラバサミが はずれない！<cE0:75>	
822	13:$4ED9	10	やっと はずれた！	
823	13:$4EE4	13	しかし スルリとすりぬけた	
824	13:$4EF2	11	バネのうえにのった！	
825	13:$4EFE	17	しかし しかけは うごかなかった	
826	13:$4F10	17	どくやのワナをふんでしまった！	
827	13:$4F22	13	どくやがとんできた！	
828	13:$4F30	15	スイッチをふむ おとがした！	
829	13:$4F40	14	たてが サビてしまった！	
830	13:$4F4F	18	サビるものをそうびしていなかった	
831	13:$4F62	15	スイッチをふむ おとがした！	
832	13:$4F72	22	じめんから しろいガスがふきだした！	
833	13:$4F89	12	<var>は ねむってしまった！	
834	13:$4F96	14	…ねむくて なにもできない	
835	13:$4FA5	11	やっと めがさめた！	
836	13:$4FB1	17	じめんにデッパリがあった！	
837	13:$4FC3	17	つまずいて ころんでしまった！	
838	13:$4FD5	16	しかし たいしたことは なかった	
839	13:$4FE6	18	けいほうスイッチをふんでしまった！	
840	13:$4FF9	18	ねてるモンスターをおこしてしまった！	
841	13:$500C	21	しょうかんスイッチをふんでしまった！<cE7:0F>	
842	13:$5022	15	<var>は モンスターにかこまれた！	
843	13:$5032	15	かいてんばんのうえにのった！	
844	13:$5042	11	<var>は めがまわった！	
845	13:$504E	17	へんなそうちを ふんでしまった！	
846	13:$5060	18	<cE0:88>グゥッ…おなかがなっている！	
847	13:$5073	18	しかし とくに かわりはないようだ	
848	13:$5086	15	ぬるまゆがふきだしてきた！	
849	13:$5096	16	おにぎりがぬるまゆをあびて	
850	13:$50A7	15	デロデロになってしまった！	
851	13:$50B7	21	すべてのそうびがはずれてしまった！	
852	13:$50CD	18	しかし なにもそうびしていなかった	
853	13:$50E0	19	きょだいながんせきがおちてきた！	
854	13:$50F4	15	<var>はうごきがおそくなった！	
855	13:$5104	14	ふつうのはやさに もどった	
856	13:$5113	19	おおがたじらいをふんでしまった！	
857	13:$5127	21	おおがたじらいは ばくはつしなかった	
858	13:$513D	14	じらいをふんでしまった！	
859	13:$514C	20	しかし じらいは ばくはつしなかった	
860	13:$5161	14	モンスターハウスだ！！<cE7:14>	
861	13:$5170	15	どろぼうハウスだ！！<cE7:14>	
862	13:$5180	14	ドレインハウスだ！！<cE7:14>	
863	13:$518F	13	ひとつめハウスだ！！<cE7:14>	
864	13:$519D	14	ゴーストハウスだ！！<cE7:14>	
865	13:$51AC	13	パワーハウスだ！！<cE7:14>	
866	13:$51BA	13	ばんけんたいだ！！<cE7:14>	
867	13:$51C8	15	ドラゴンハウスだ！！<cE7:14>	
868	13:$51D8	10	どろぼう！！<cE7:14>	
869	13:$51E3	21	<cE0:22><cE7:5A>このままスイッチをきってください	
870	13:$51F9	21	つぎに「ぼうけんにでる」をえらぶと	
871	13:$520F	17	このつづきから はじめられます	
872	13:$5684	5	<cF0:00><br> <end>	
873	13:$568A	25	つかのながい なぎなたのようなけんだ<br><end><cF0:00>	
874	13:$56A4	28	ふうらいにんに<br>ひろくあいようされているけん<br><cF0:00><br> <end>	
875	13:$56C1	37	ドラゴンけいモンスターに<br>だいダメージをあたえるぞ<br><cF0:00><br> <end>	
876	13:$56E7	30	てんかの めいとう<br>どうたぬき ゲンマさく。<br><cF0:00><br> <end>	
877	13:$5706	47	てんさいとうこうしカブラがつくった<br>まぼろしともいえる きだいのごうけん<br><cF0:00><br> <end>	
878	13:$5736	22	ゴーストけいモンスターに<br><cF0:01><br><cF0:00><br> <end>	
879	13:$574D	69	そうびして かべをほることができるし<br>こうげきりょくも あがるぞ<br>しかし かべを なんかいか ほると<br>こわれてしまうぞ<end>	
880	13:$5793	21	かならずこうげきがあたるぞ<br><end><cF0:00>	
881	13:$57A9	21	かいしんのいちげきがでるぞ<br><end><cF0:00>	
882	13:$57BF	34	ぜんぽう3ほうこうを<br>1どにこうげきできるぞ<br><cF0:00><br> <end>	
883	13:$57E2	19	ひとつめモンスターに<br><cF0:01><br><cF0:00><br> <end>	
884	13:$57F6	25	ステータスをすいとるモンスターに<br><cF0:01><br><cF0:00><br> <end>	
885	13:$5810	22	カタナをきたえぬいてできたけんだ<br><end><cF0:00>	
886	13:$5827	33	ごうけんマンジカブラをきたえぬいて<br>できたけん<br><cF0:00><br> <end>	
887	13:$5849	89	むかし マムルのごせんぞさまが<br>つよくなるために つくったといわれる<br>でんせつのごうけん<br> <brk>しかし マムルたちには そうび<br><end>できなかったので あきらめたらしい	
888	13:$58A3	20	サビないし おなかもへりにくい<br><end><cF0:02>	
889	13:$58B8	20	せいどうで つくられた たて<br><end><cF0:02>	
890	13:$58CD	11	<cF0:02><br>サビないぞ<end>	
891	13:$58D9	17	てつで つくられた たて<br><end><cF0:02>	
892	13:$58EB	41	<cF0:02><br>ドラゴンの ほのおから うける<br>ダメージが すくなくなるぞ<br> <end>	
893	13:$5915	42	フウマてつから つくられた<br>ひじょうに ぼうぎょりょくの<br>たかいたて。<br><end><cF0:02>	
894	13:$5940	38	モンスターからの こうげきを<br>カウンターで はねかえす たて<br><cF0:02><br> <end>	
895	13:$5967	43	ぼうぎょりょくは たかいが<br>おもいせいか おなかが へりやすいぞ<br><cF0:02><br> <end>	
896	13:$5993	20	まほうこうげきをはねかえすぞ<br><end><cF0:02>	
897	13:$59A8	25	てきのこうげきが あたりにくくなるぞ<br><end><cF0:02>	
898	13:$59C2	55	ひゃっぴきのオニからも まもると<br>いいつたえられてる ひじょうに<br>ぼうぎょりょくの たかいたて<br><end><cF0:02>	
899	13:$59FA	49	こうぼうぎょだが こうげきをうける<br>たびに せいのうがさがっていくたて<br><cF0:02><br> <end>	
900	13:$5A2C	26	ばくはつのダメージを すくなくするぞ<br><end><cF0:02>	
901	13:$5A47	23	アイテムや おかねを ぬすまれないぞ<br><end><cF0:02>	
902	13:$5A5F	28	フウマのたてを きたえぬいて<br>できた たて<br><cF0:02><br> <end>	
903	13:$5A7C	86	むかし マムルのごせんぞさまが<br>つよくなるために つくったといわれる<br>でんせつのたて<br> <brk>しかし マムルたちには そうび<br><end>できなかったので あきらめたらしい	
904	13:$5AD3	23	<cF0:03> みずのうえを<br>あるけるようになるぞ<end>	
905	13:$5AEB	24	<cF0:03> みせで ねぎることが<br>できるぞ<end>	
906	13:$5B04	16	<cF0:03><br>おなかが へらないぞ<end>	
907	13:$5B15	19	<cF0:03><br>おなかが へりやすくなるぞ<end>	
908	13:$5B29	45	<cF0:03> HPのかいふくが<br>はやくなるぞ しかし<br>そのあいだ はらへりもはやいぞ<br> <end>	
909	13:$5B57	21	<cF0:03><br>けんも たても サビなくなるぞ<end>	
910	13:$5B6D	26	<cF0:03><br><end>かいしんのいちげきが でやすくなるぞ	
911	13:$5B88	25	<cF0:03> つうこんのいちげきを<br>うけやすくなるぞ<end>	
912	13:$5BA2	33	<cF0:03> もっているものに<br><end>のろいをかけられることが なくなるぞ	
913	13:$5BC4	26	<cF0:03> なげたものがすべて<br>かんつう するぞ<end>	
914	13:$5BDF	33	<cF0:03> てきを たおしたときの<br>けいけんちが すこし ふえるぞ<end>	
915	13:$5C01	24	<cF0:03> もっているアイテムを<br>おとしてしまうぞ<end>	
916	13:$5C1A	27	<cF0:03> モンスターと<br>アイテムの いちが わかるぞ<end>	
917	13:$5C36	16	<cF0:03><br>こんらん しなくなるぞ<end>	
918	13:$5C47	26	<cF0:03> ひろったアイテムが<br>しきべつできるぞ<end>	
919	13:$5C62	21	<cF0:06><br>こうげきできるぞ<brk><cF0:07><br><end><cF0:08>	
920	13:$5C78	25	<cF0:06><br>かんつうこうげきできるぞ<brk><cF0:07><br><end><cF0:08>	
921	13:$5C92	24	たべると すこしおなかが ふくれるぞ<br> <end>	
922	13:$5CAB	21	たべると おなかが ふくれるぞ<br> <end>	
923	13:$5CC1	43	たべると おなかが すこしふくれるが<br>どくで からだをこわしてしまうぞ<end>	
924	13:$5CED	52	たべると おなかが いっぱいになるぞ<br>さいだいまんぷくども すこしだけ<br>ふえるぞ<br> <end>	
925	13:$5D22	51	たべると すこしおなかが ふくれるぞ<br>とくべつなちからを みにつけられる<br>こともあるぞ<br> <end>	
926	13:$5D56	24	のむと HPがすこし かいふくするぞ<br><end><cF0:04>	
927	13:$5D6F	46	のむと HPがたくさんかいふくするぞ<br>とくしゅな じょうたいも なおるぞ<br><cF0:04><br> <end>	
928	13:$5D9E	21	のむと レベルが あがるぞ<br><end><cF0:04>	
929	13:$5DB4	22	のむと ワナが はっけんできるぞ<br> <end>	
930	13:$5DCB	35	のむと くちから ひをふくぞ<br>とおくまで とどくぞ<br><cF0:04><br> <end>	
931	13:$5DEF	21	のむと しばらく むてきになるぞ<br> <end>	
932	13:$5E05	23	のむと レベルが5つ あがるぞ<br><end><cF0:04>	
933	13:$5E1D	55	もっていると 1どだけ いきかえる<br>ことができるぞ<br>ツボのなかにいれていると ダメだぞ<br> <end>	
934	13:$5E55	25	のむと レベルが さがってしまうぞ<br><end><cF0:04>	
935	13:$5E6F	26	のむと レベルが3つさがってしまうぞ<br><end><cF0:04>	
936	13:$5E8A	30	のむと レベルもHPも<br>1に なってしまうぞ<br><cF0:04><br> <end>	
937	13:$5EA9	25	のむと しきべつしたものを<br>わすれてしまうぞ<end>	
938	13:$5EC3	23	のむと さいだいHPが あがるぞ<br> <end>	
939	13:$5EDB	26	のむと さいだいまんぷくどが<br>あがるぞ<end>	
940	13:$5EF6	26	のむと さいだいまんぷくどが<br>さがるぞ<end>	
941	13:$5F11	38	のむと すこしのあいだ<br>すばやく うごけるように なるぞ<br><cF0:04><br> <end>	
942	13:$5F38	59	のむと ちからが あがるぞ<br>ちからが マンタンなときに のむと<br>ちからのさいだいちが 1あがるぞ<br> <end>	
943	13:$5F74	34	のむと ちからが さいだいちまで<br>かいふくするぞ<br><cF0:04><br> <end>	
944	13:$5F97	44	のむと ちからとHPがさがってしまい<br>うごきも おそくなってしまうぞ<br><cF0:04><br> <end>	
945	13:$5FC4	19	のむと こんらんしてしまうぞ<br><end><cF0:04>	
946	13:$5FD8	23	のむと しばらく ねむってしまうぞ<br><end><cF0:04>	
947	13:$5FF0	36	ただの ざっそうだぞ<br><end>のめば すこしは はらのたしになるぞ	
948	13:$6015	27	のむと どこかへ とぶことができるぞ<br><end><cF0:04>	
949	13:$6031	27	よむと そうびしているものの<br>のろいがとけるぞ<end>	
950	13:$604D	25	よむと アイテムが しきべつできるぞ<br> <end>	
951	13:$6067	44	よむと いまいるばしょの ちけいと<br>モンスターやアイテムの いちが<br>わかるぞ<br> <end>	
952	13:$6094	20	よむと ツボがおおきくなるぞ<br> <end>	
953	13:$60A9	42	よむと へやにいる すべての<br>モンスターに ダメージをあたえるぞ<br><cF0:0B><br> <end>	
954	13:$60D4	30	よむと いまいる ちけいでは<br>くちがつかえなくなるぞ<end>	
955	13:$60F3	99	よむと そうびひんを もったまま<br>ツキカゲむらへ かえれるぞ<br>ただし ふたりどうじには ムリだぞ<br> <brk>コッパは、シレンの にもつのなかに<br><end>かくれるので いっしょに かえれるぞ	
956	13:$6157	23	こまったときに よむと<br>いいことがあるぞ<end>	
957	13:$616F	27	よむと モンスターのうごきが<br>2ばいになるぞ<end>	
958	13:$618B	67	よむと へやにいる すべての<br>モンスターが しばらく ねむって<br>しまうぞ<brk>ねむりからさめると ばいそくになるぞ<br><cF0:0B><br> <end>	
959	13:$61CF	45	よむと いまいる ちけいでは<br>モンスターに あたえる ダメージが<br>ふえるぞ<br> <end>	
960	13:$61FD	28	へやにいるすべてのモンスターが<br>しょうめつするぞ<end>	
961	13:$621A	92	よむと すさまじい しょうげきはで<br>ちかくにいるすべてのモンスターが<br>こなごなに ぶんかいするぞ<br> <brk>じぶんは たおれないが<br>うけたダメージは おおきいぞ<end>	
962	13:$6277	22	よむと おおべやに なってしまうぞ<br> <end>	
963	13:$628E	24	よむと モンスターハウスが できるぞ<br> <end>	
964	13:$62A7	56	よむと へやにいる すべての<br>モンスターが しばらく こんらんして<br>まっすぐ あるけなくなるぞ<br><end><cF0:0B>	
965	13:$62E0	38	モンスターになげると そのしゅるいの<br>モンスターは でてこなくなるぞ<end>	
966	13:$6307	22	よむと マップを わすれてしまうぞ<br> <end>	
967	13:$631E	35	よむと そうびしている けんが<br>つよくなり のろいも とけるぞ<end>	
968	13:$6342	35	よむと そうびしている たてが<br>つよくなり のろいも とけるぞ<end>	
969	13:$6366	51	よむと そうびしている けんとたてが<br>メッキされて サビなくなるぞ<br>のろいも とけるぞ<br> <end>	
970	13:$639A	24	よむと ツボのなかみを とりだせるぞ<br> <end>	
971	13:$63B3	32	よむと いまいる ちけいでは<br>アイテムを ひろえなくなるぞ<end>	
972	13:$63D4	28	<cF0:0C><br>ふつうのこうげきしか しなくなるぞ<br><cF0:05><br> <end>	
973	13:$63F1	29	<cF0:0C><br>モンスターをとおくへ ふっとばせるぞ<br><cF0:05><br> <end>	
974	13:$640F	31	<cF0:0C><br>モンスターのレベルがあがってしまうぞ<br><cF0:05><br> <end>	
975	13:$642F	29	<cF0:0C><br>モンスターのレベルを さげられるぞ<br><cF0:05><br> <end>	
976	13:$644D	31	<cF0:0C><br>モンスターをじぶんのみがわりにするぞ<br><cF0:05><br> <end>	
977	13:$646D	33	<cF0:0C><br>モンスターと じぶんの いちが<br>いれかわるぞ<br><end><cF0:05>	
978	13:$648F	24	<cF0:0C><br>いろいろなことが おきるぞ<br><cF0:05><br> <end>	
979	13:$64A8	59	<cF0:0C><br>モンスターを かなしばりにするぞ<br>こうかは ずっとつづくが たたいたり<br>すると おきるぞ<brk><cF0:05><br> <end>	
980	13:$64E4	44	<cF0:0C><br>モンスターを でぐちのところへ<br>ワープさせて かなしばりにするぞ<brk><end><cF0:05>	
981	13:$6511	43	<cF0:0C><br>じぶんの いたみをモンスターにも<br>かんじさせることができるぞ<br><end><cF0:05>	
982	13:$653D	23	ツボに アイテムを<br>だしいれできるぞ<end>	
983	13:$6555	58	じぶんが ツボのなかに はいれて<br>モンスターから かくれることが<br>できるぞ<br>なげても つかえるぞ<end>	
984	13:$6590	28	ツボにいれたアイテムを ふやせるぞ<br><cF0:09><br><cF0:0A><br> <end>	
985	13:$65AD	61	けんやたてを しばらく いれたままに<br>しておいて つよくできるぞ<br>つえは かいすうが ふえるぞ<brk><cF0:09><br><cF0:0A><br> <end>	
986	13:$65EB	31	ツボにいれたアイテムを<br>しきべつできるぞ<br><cF0:09><br><end><cF0:0A>	
987	13:$660B	23	おすと ステータスが かいふくするぞ<br> <end>	
988	13:$6623	28	ツボにいれた アイテムが<br>そうこに おくられるぞ<end>	
989	13:$6640	42	しばらく いれたままに しておくと<br>アイテムを よわくしてしまうぞ<br><cF0:09><br><end><cF0:0A>	
990	13:$666B	24	ツボにいれた アイテムが なくなるぞ<br> <end>	
991	13:$6684	15	これはモンスターだ！！<br> <end>	
992	13:$6694	30	ツボにいれたアイテムが へんかするぞ<br><cF0:09><br><cF0:0A><br> <end>	
993	13:$66B3	183	けん たて つえ をごうせいできるぞ<brk>けんを つづけていれると すべて<br>さいしょのけんに のうりょくや ＋の<br>つよさが ごうせいされるぞ<brk>だから いれるじゅんばんには<br>きをつけたほうが いいぞ<br>たても けんと おなじだぞ<brk>つえは おなじしゅるいを つづけて<br>いれれば つえを ふるかいすうが<br>ごうせいされるぞ<brk><cF0:09><br><end><cF0:0A>	
994	13:$676B	19	ぬすっトドが はいってるぞ<br> <end>	
995	13:$677F	1	 	
996	13:$6781	46	これは おかねだ<br>モンスターに なげても きくぞ<br>やはり よのなか かねしだい・・・	
997	13:$67B0	36	これは かさタヌキだ<br>まだ バレてないと おもっている<br>ようだ<end>	
998	13:$73BB	6	ア↓イ2アF	
999	13:$73C2	4	イまアF	
1000	13:$73C7	4	ウてアF	
1001	13:$73CC	4	エぅアF	
1002	13:$73D1	6	イミイまアF	
1003	13:$73D8	6	イ…イまアF	
1004	14:$4031	16	てんしゅ「いらっしゃいませ」<cE0:15>	
1005	14:$4042	20	てんしゅ「ありがとうございました」	
1006	14:$4057	55	てんしゅ「おきゃくさんがおかいあげ<br> になったアイテムのだいきんとして<br> <cE5>ギタンいただきます」<end><mode0>	
1007	14:$408F	28	<cEC:08><cE5>ギタンでよろしいですか？<br>▶かう<br> かわない	
1008	14:$40AC	28	<cEC:08><cE4>ギタンでよろしいですか？<br>▶かう<br> かわない	
1009	14:$40C9	50	てんしゅ「そうですか、それでは、<br> <cE4>ギタンにまけておきます。<br> これでよろしいですか？」	
1010	14:$40FC	46	てんしゅ「おきゃくさんがみせのなかに<br> おいたアイテムを、<br> <cE6>ギタンでかいとります」	
1011	14:$412B	28	<cEC:08><cE6>ギタンでよろしいですか？<br>▶うる<br> うらない	
1012	14:$4148	17	てんしゅ「それはザンネンです」	
1013	14:$415A	27	てんしゅ「おきゃくさん、おかねが<br> たりませんよ！」	
1014	14:$4176	47	てんしゅ「たいへんだ！<br>      おおべやだ！<br>       かいだんへいそげ！」	
1015	14:$41A6	18	<cEC:04>てんしゅは、ねむっている。<br> <br>	
1016	14:$41C2	24	<cEC:04>「 『ツキカゲむら いりぐち』  」<br><br>	
1017	14:$41DB	38	<cEC:04>「    やど と しょくじ<br>       『ととや』     」<br>	
1018	14:$4202	24	<cEC:04>「  『なきりゅうじんじゃ』   」<br><br>	
1019	14:$421B	57	<cEC:00>「   『りゅうの あぎと』<br> りゅう なきさけぶとき そのくち<br>    はじめて ひらくべし   」	
1020	14:$4255	94	     『ごみツボ』<br> すてたいアイテムは みぎがわの<br>  ごみツボに なげいれるべし。<end><brk> ただし いちど すてると にどと<br>  とりだせないので ちゅうい！	
1021	14:$42B7	54	かんぬし「わしは、たびするものに<br> いつも じょげんをあたえておる。<br> なにについて ききたい？」<end><mode0>	
1022	14:$42EE	20	かんぬし「なにについて ききたい？」<end><mode0>	
1023	14:$4303	37	<cEC:09>▶1：うごきかたについて<br> 2：「どうぐ」について<br> 3：そのた	
1024	14:$4329	55	<cEC:09>▶1：ダッシュしたいときは？<br> 2：ナナメにだけ あるくときは？<br> 3：むきだけを かえたいときは？	
1025	14:$4361	81	かんぬし「Bボタンを おしながら<br> <$A7>じボタンで ダッシュじゃ。<end><brk> また、Bボタンを おしながらだと<br> アイテムのうえにのることもできる」	
1026	14:$43B3	43	かんぬし「スタートを おしながら<br> <$A7>じボタンで ナナメにだけ<br> あるける」	
1027	14:$43DF	61	かんぬし「スタートをチョンッとおせば<br> <$AA>マークがでる。あとは <$A7>じボタン<br> で ほうこうを かえればよい」	
1028	14:$441D	51	<cEC:09>▶1：アイテムを えらびたいときは？<br> 2：せいとんしたいときは？<br> 3：やを うちたいときは？	
1029	14:$4451	132	かんぬし「Bボタンをチョンッとおして<br> 『どうぐ』をえらべば よい。<end><brk> <$A7>じボタンの さゆうで ページも<br> きりかわる。<end><brk> あと、アイテムの つかいかたは、<br> アイテムをえらんで Aボタンをおし<br> せつめいを みれば かいてあるぞ」	
1030	14:$44D6	40	かんぬし「『どうぐ』を ひらいている<br> ときに スタートを おすのじゃ」<br>	
1031	14:$44FF	59	かんぬし「『どうぐ』のなかの やを<br> そうびすれば、セレクトをおしながら<br> Aボタンで うてるんじゃ」	
1032	14:$453B	57	<cEC:09>▶1：はやく かいふくしたいときは？<br> 2：マップが みたいときは？<br> 3：ひとと いれかわりたいときは？	
1033	14:$4575	45	かんぬし「Aボタンと Bボタンを<br> どうじにおせば、はやくかいふく<br> できる」	
1034	14:$45A3	48	かんぬし「ダンジョンないの マップを<br> みるには、セレクトを チョンッと<br> おせばよい」	
1035	14:$45D4	59	かんぬし「ダンジョンにいる ひとや<br> なかまといれかわるには、Bボタンを<br> おしながら <$A7>じボタンじゃ」	
1036	14:$4610	39	「  『クヨウとうげ けいろず』<br>   どのみちを えらびますか？<end><mode0>	
1037	14:$4638	34	<cEC:09>▶やさしい （いまえらんでいるみち）<br> ふつう<br> むずかしい	
1038	14:$465B	35	<cEC:09>▶やさしい<br> ふつう  （いまえらんでいるみち）<br> むずかしい	
1039	14:$467F	33	<cEC:09>▶やさしい<br> ふつう<br> むずかしい（いまえらんでいるみち）	
1040	14:$46A4	13	<cEC:0E>▶すすむ<br> そのまま<br>	
1041	14:$46B5	11	▶すすむ<br> そのまま<br>	
1042	14:$46C1	11	▶おりる<br> そのまま<br>	
1043	14:$46CD	12	▶あがる<br> そのまま<br>	
1044	14:$46EC	21	<cF4><cF2><cF0><name>は かぜにとばされた<br><cF3><mode1>ッ<mode0>	
1045	14:$4702	19	「おーい だれか たすけてくれー！」	
1046	14:$4716	19	いどの なかから こえがきこえる。	
1047	14:$472A	27	「おーい！ ここの なかだよ！<br> たすけてくれー！」	
1048	14:$4746	32	<name>は わきにあった つなで<br>いどのなかから たすけだした。	
1049	14:$4767	109	コッパ「ふいーっ。おてんとさまを<br> おがめたのは なんにちぶりだろう。<br> たすかったぜ。おっ！・・・<end><brk> <nop>、<name>じゃないか！<end><br> いままで どこいってたんだよ！<br> さびしかったよぉ！ うおおーん！」	
1050	14:$47D5	66	<cE0:00><mode1>1<cE0:28><name>は コッパと さいかいした！<mode1>ッ<end><br>・・・ひさしぶりだからかもしれないが<br>たしかに すこし くさい きもする。	
1051	14:$4818	193	コッパ「・・そんなことがあったのか。<br> いけにえにされた おんなのこを<br> たすけにねえ・・・<end><brk> オイラは ふしぎなへんそくちけいが<br> ここにあるって きいてね・・いけば<br> <name>にあえると おもってさ」<end><brk>コッパ「けど このさきの<br> 『りゅうの あぎと』は とおれない<br> から まいっちゃうよな。<end><brk> まっ もう よるだし きょうの<br> ところは ねようぜ。<end>おやすみ」	
1052	14:$48DA	42	コッパ「ちょっと『りゅうの あぎと』<br> を しらべてから ここをでようぜ」	
1053	14:$4905	410	「   『りゅうの あぎと』<br> りゅう なきさけぶとき そのくち<br>    はじめて ひらくべし   」<end><brk>コッパ「りゅう なきさけぶ・・ねえ。<end><brk> ・・・・・・あれ？<end><br> そういえば ツキカゲむらの<br> じんじゃの なまえって・・・！<end><brk>コッパ「<name>！<end> むらにもどろう！<end><br> あのむら ぜったいヘンだよ！<end><brk> だって クヨウとうげで かいぶつに<br> やられたら <name>は むらに<br> もどされるんだろ？<end><brk> だったら そのナギというコだって<br> やられるだけで むらに かえって<br> これるハズじゃないのか？<end><brk> なのに むらびとは なんだって<br> 『にどと かえってこれねえ』<br> なんていうんだよ？<end><brk>コッパ「いけにえのシキタリ。<end><br> むらでみたっていうコドモせんしゃ。<end><br> そして あのじんじゃ・・・<end><brk> ツキカゲむらには ぜったい<br> ひみつがあるぜ」	
1054	14:$4AA0	37	コッパ「なんとなく きちゃったけど<br> やっぱ あいてないよな・・・」	
1055	14:$4AC6	12	ヨシゾウタ「よおっ！」	
1056	14:$4AD3	60	ヨシゾウタ「おれだ。ヨシゾウタだよ。<br> クスリうりの・・・<end>このまきものを<br> よめば ここ あくンだよね？」	
1057	14:$4B10	51	<cEC:09>▶なんで あんたが まきものを？<br> なんで あんたが ここに？<br> まあ どうでもいっか	
1058	14:$4B47	157	ヨシゾウタ「いや、じつは あんたと<br> むらおさのはなしを そとから<br> ぜんぶ きいちゃってさ、<end><brk> で、おもしろそうだったんで つい<br> じんじゃのまきものをとって さきに<br> きちゃったんだけど・・・<end><brk> ひとりでいくの こわそうでさ、<br> で、あんたがくるのを まってた<br> ってワケよ」	
1059	14:$4BE5	16	ヨシゾウタ「じゃ よむぜ」	
1060	14:$4BF6	24	ヨシゾウタは なきりゅうのまきものを<br>よんだ	
1061	14:$4C0F	87	ヨシゾウタ「おおっ！ あいた！<end><br> ・・・ううっ、やっぱり おっかな<br> そうな ところだな。<end><brk> あんた さきに いっててくれよ。<br> おれは あとから おいつくからよ」	
1062	14:$4C67	19	コッパ「オロチって<end> どこだ？」	
1063	14:$4C7B	13	ヨシゾウタ「ここだよ」	
1064	14:$4C89	125	ヨシゾウタ「おれが オロチなんだよ。<mode1>と<end><brk> <cF4><cE0:05>むらのやつらは かいぶつなんて<br> いってるが じょうだんじゃねえ。<end><br> おれは ちゃんとした にんげんだ。<end><brk> かいぶつなのは あいつらのほうさ。<br> あんたらも みただろ？」	
1065	14:$4D07	17	コッパ「・・・・・・・・・・・」	
1066	14:$4D19	503	ヨシゾウタ「いろいろなことが おきる<br> へんそくちけい・・・<end><brk> おれは このだいちの ちからを<br> わがものにするために ここへ<br> きたんだ。<end><brk> おれのつくった このクスリ・・・<br> これを ツキカゲむらのやつらに<br> のませたら どうなるとおもう？<end><brk> かいぶつになったままもどれなくなり<br> しかも おれさまの いうことだけを<br> きくように なるのさ。<end><brk> ただ おとなは うまく いかないん<br> だな。それで こどものいけにえって<br> ワケだ。<end><brk> もうすこしだった・・・もうすこしで<br> この どうくつも かんせいしたと<br> いうのに・・・・・<end><brk> なぜ あんたは たすけようとする？<end><br> あんな かいぶつどものむらの<br> ためにッ！<end><brk> かいぶつを たすけるために<br> にんげんである このおれを<br> たおそうというのかッ！<end><brk> ・・・・・・・・・・・・<end><br> ここに またべつのクスリがある。<end><brk> こどもたちから いきちを すこし<br> ずつ あつめてつくったクスリだ。<end><brk> これを にんげんがのむと<br> どうなると おもう？<end><br> みせてやるぜッ！！！」	
1067	14:$4F11	36	<cF0>クスリをのんだヨシゾウタは<br>オロチに へんしんしたッ！！<br><cF3><mode1>と<mode0>	
1068	14:$4F36	21	ヨシゾウタは クスリをのんだ！<mode1>ぇ<cE7><mode0>	
1069	14:$4F4C	66	オロチ「・・・たとえ このばで<br> ちからつきようとも、<end><brk> オロチは なんどでも ふっかつ<br> しようぞ・・・クックックッ」	
1070	14:$4F8F	41	コッパ「へッ！ ここまで くりゃ<br> あんたもじゅうぶん かいぶつだよ」	
1071	14:$4FB9	34	コッパ「フミちゃん・・・だね。<br> たすけにきたんだ。かえろう」	
1072	14:$4FDC	90	<cF2><cF0><cF1><cF4>  こうして <name>たちは<br>     オロチをたおし、<mode1>F<brk>こんどは、ふたたび ツキカゲむらに<br>  もどるための ぼうけんへと<br>   いどむのであった・・・<mode1><cF0><mode0>	
1073	14:$5037	15	ケヤキ「あっ きがついた！」	
1074	14:$5047	190	おかみ「だいじょうぶかい・・・<br> ひどく うなされていたから<br> しんぱいしたよ。<end><brk> ここ？・・・ここは ツキカゲむら。<br> あなた クヨウとうげで かいぶつに<br> やられたんだろ？<end><brk> あそこで ちからつきたら ここに<br> おいだされるんだよ。<end><brk> それより ケヤキちゃんに おれい<br> をいいなよ。あなたのこと ずっと<br> カンビョウしてくれてたんだよ」	
1075	14:$5106	32	ケヤキ「そんな おれいなんて・・・<end><br> ・・・けど よかった」	
1076	14:$5127	30	ケヤキ「おかみさん。わたし<br> ちょっと でかけてきますね」	
1077	14:$5146	140	おかみ「ケヤキちゃんのことかい？<end><br> よしてよ あたしのコじゃないよ。<br> あたしゃ まだドクシンだよ。<end><brk> あのコ たまにここに フラッと<br> やってきちゃ みせを てつだって<br> くれるんだよ。<end><brk> ちょっと かわったところもあるけど<br> いいコだよ。あのコは・・・」	
1078	14:$51D3	10	ケヤキ「<name>さーん！」	
1079	14:$51DE	52	ケヤキ「ハアハアハア・・・よかった<br> まにあって・・・<end><brk> たすけに いくんでしょ？<br> はい これ！」	
1080	14:$5213	12	<name>は <cE3:05>を もらった。	
1081	14:$5220	62	ケヤキ「うらやま までいって とって<br> きたの。 けっこう じかんが<br> かかっちゃって・・・<end><brk> がんばってね！」	
1082	14:$525F	33	ケヤキ「・・・だいじょうぶ？<end><br> あまり ムリしないでね」	
1083	14:$5281	18	おかみ「あたしゃ しんじているよ」	
1084	14:$5294	10	ケヤキ「<name>さーん！」	
1085	14:$529F	11	ケヤキ「はい これ！」	
1086	14:$52AB	12	<name>は<br><cE3:FE>を もらった。	
1087	14:$52B8	14	ケヤキ「がんばってね！」	
1088	14:$52C7	148	おかみ「ケヤキちゃん？<end><br> ケヤキちゃんなら じんじゃのほうへ<br> いったみたいだけど・・・<end><brk> きまぐれなコでさ、たまに フラッと<br> どこかへ いっちゃうんだよ。<br> ネコみたいにね。<end><brk> ・・・まっ とくに いそがしいわけ<br> でもないから いいけどさ。<br> きゃくもいないし」	
1089	14:$535C	34	ケヤキ「<name>さん？<end> ちょっと<br> まっててね。もうすぐ おわるから」	
1090	14:$537F	12	ケヤキ「よし<end> おわり」	
1091	14:$538C	70	ケヤキ「ここのじんじゃって ちょっと<br> かわっているでしょ？<end><brk> ツキカゲむらは リーバしんこうじゃ<br> ないの。だから・・・」	
1092	14:$53D3	39	ケヤキ「え？ なんの おねがい<br> してたかって？<end><br> ・・ふふっ、ナイショ」	
1093	14:$53FB	35	ケヤキ「それより あの・・・<br> たのみがあるんだけど・・いい？」	
1094	14:$541F	31	<cEC:08> たのみがあるんだけど・・いい？<br>▶いいよ<br> ダメ	
1095	14:$5442	14	ケヤキ「いじわるね・・・」	
1096	14:$5451	54	ケヤキ「じつは このネコを しばらく<br> あずかっててほしいの。<end><br> タンモモっていうの。よろしくね！」	
1097	14:$5488	22	<cE0:28>ネコのタンモモが なかまになった。<mode1>ッ	
1098	14:$549F	52	ケヤキ「Bボタンを おしながら<br> <$A7>じボタンで、タンモモと<br> いれかわることが できるわ」	
1099	14:$54D4	12	ケヤキ「ん？ なあに？」	
1100	14:$54E1	56	<cEC:09>▶タンモモって きみがかってるの？<br> なんで タンモモっていうの？<br> タンモモと いれかわりたいときは？	
1101	14:$551D	68	ケヤキ「ううん。さっき じんじゃ<br> のウラで ひろったの。<end>こごえてて<br> かわいそうだったから・・・<end><brk> じゃ よろしくね」	
1102	14:$5562	51	ケヤキ「ほら ふとももが<br> みじかいでしょ。<end><br> だから タンモモ。<end><brk> じゃ よろしくね」	
1103	14:$5596	65	ケヤキ「Bボタンを おしながら<br> タンモモのほうに <$A7>じボタンを<br> いれれば、いれかわれるわ。<end><brk> じゃ よろしくね」	
1104	14:$55D8	56	だいくのキンジ「おっ！ きたきた！<end><br> <name>さん ちょっと いっしょに<br> きてよ。みせたいものがあるんだ」	
1105	14:$5611	36	だいくのマサ「あっ！ <name>さん！<end><br> ほらっ これっ！ みてくれよっ！」	
1106	14:$5636	54	だいくのキンジ「『そうこ』を つくっ<br> たんだぜ。このなかに アイテムを<br> とっといておけるんだ」	
1107	14:$566D	68	だいくのキンジ「<name>さんの<br> ために つくったんだ。<end><brk> まっ おれたちの できることって<br> これぐらいしか ないけど・・・」	
1108	14:$56B2	60	だいくのマサ「これで ぼうけんも<br> ぐっと ラクになるとおもうぜ。<end><br> フミちゃんのこと がんばってな！」	
1109	14:$56EF	58	<cE0:00><mode1>1<cE0:27><name>は そうこを つかえるように<br>なった！<mode1>ッ<end> あんなものや こんなものが<br>いろいろ おけるぞ！<cE0:0C>	
1110	14:$572A	36	だいくのキンジ「せっかく つくった<br> んだから つかってくれよな」	
1111	14:$574F	151	だいくのマサ「『そうこ』にアイテムを<br> おいとけば ぼうけんの とちゅうで<br> ちからつきても なくならないぜ。<end><brk> ただし つぼのなかみは すべて<br> きえるから きをつけな。<end><brk> あと ぼうけんには アイテムを<br> 5こしかもっていけないぜ。ツボは<br> なかみが きえちゃうからな」	
1112	14:$57E7	88	うらないオババ「あんなところに<br> 『そうこ』を たてよって・・・<end><brk> ひあたりが わるくなったじゃ<br> ないか！ なにも かんがえていない<br> んだから！ まったく！」	
1113	14:$5840	52	ケヤキ「さいきん むらのひとたちも<br> <name>さんのことを みとめてる<br> ようなの。<end>わたし うれしくて・・」	
1114	14:$5875	86	おかみ「たおされても くじけず<br> なんども ちょうせんする・・・<end><brk> やっぱり アンタは、あたしが<br> おもっていたとおりの オトコだワ。<br> がんばってね！」	
1115	14:$58CC	41	タグラ「これ ぼくの たいせつな<br> おもちゃなんだけど・・・<end>あげるよ」	
1116	14:$58F6	11	<name>は <cE3:02>を もらった	
1117	14:$5902	33	タグラ「そのかわり フミちゃんを<br> たすけてね。きっとだよ！」	
1118	14:$5924	54	ケヤキ「だいじょうぶ？<end>・・よかった。<br> わたし <name>さんの ケガだけが<br> しんぱいで・・・」	
1119	14:$595B	46	ぱしりのゴン「うーーっ<end> これ<br> おれの たからものなんだけど<br> おめえに やるよ」	
1120	14:$598A	11	<name>は <cE3:08>を<br>もらった	
1121	14:$5996	75	ぱしりのゴン「おれ かんぬしさまに<br> おこられそうになったら いつも<br> これつかって にげてるんだ。<end><brk> うーーっ けっこう やくだつぜ」	
1122	14:$59E2	118	ナギ「うわあぁーっ！！<end> な、なんだ<br> かいぶつじゃないのか。ビックリした<end><br> ・・・えっ おれを たすけにきた？<end><brk> やだ！ おれ かえらねえ！<br> フミを たすけるって やくそくして<br> くれたら かえってもいいけど・・」	
1123	14:$5A59	29	<cEC:08>フミを たすけるやくそくをしますか？<br>▶はい<br> いいえ	
1124	14:$5A7D	51	ナギ「けっ！ ひとりで かえりな。<br> おれひとりで やってやる。<br> か、かいぶつなんか・・・」	
1125	14:$5AB1	48	ナギ「・・・・・・・・・・・・<end><br> うえーーーーーん！！<br> やっぱ ここ こえーよーっ！！」	
1126	14:$5AE2	18	ナギ「うえーーん！ チキショー！」	
1127	14:$5AF5	101	ナギ「よし！ かえってやらあ。<br> やくそく わすれんじゃねえぞ。<end><brk> ・・・ホントは おれ すげー<br> ビビっててよ<end> だから あの<end><brk> ・・・もれそうなんだ。<end><br> はやく かえろうぜ」	
1128	14:$5AFD	93	かえってやらあ。<br> やくそく わすれんじゃねえぞ。<end><brk> ・・・ホントは おれ すげー<br> ビビっててよ<end> だから あの<end><brk> ・・・もれそうなんだ。<end><br> はやく かえろうぜ」	
1129	14:$5B5B	45	ナギ「あっ きてくれた！<end><br> はやく かえろうぜ。<br> おれ まだガマンしてんだ」	
1130	14:$5B81	7	ンしてんだ」	
1131	14:$5B89	17	ナギ「じ、じいちゃん・・・」	
1132	14:$5B9B	22	むらおさ「ナギ・・よ、よく ぶじで」	
1133	14:$5BB2	15	ナギ「じいちゃーーん！！」	
1134	14:$5BC2	19	むらおさ「ナギーッ！ うおおーっ！」	
1135	14:$5BD6	10	むらおさ「な・・・」	
1136	14:$5BE1	16	ナギ「もれちゃうーーーっ！！」	
1137	14:$5BF2	18	<cF2><cF0>ナギ「まにあった・・・」<mode1>ッ<mode0>	
1138	14:$5C05	21	<cF2><cF1>   そして、つぎのあさ・・・<mode1>ッ<mode0>	
1139	14:$5C1B	62	むらおさ「<name>さん・・・<end><br> あなたが ききたいことは<br> わかっとるつもりです。<end><brk> こんばん ここに きてくだされ」	
1140	14:$5C5A	24	おかみ「おや？ とまりかい？<br> めずらしいね」	
1141	14:$5C73	108	むらおさ「ま、まて！<br> おどろかんでくれ！<end><br> わしじゃ。むらおさじゃよ。<end><brk> こんなスガタだが りせいは ある。<br> あんたたちを おそったりは せん。<end><brk> こっちにきて わしのはなしを<br> きいてくれ」	
1142	14:$5CE0	433	むらおさ「わしらは、つきかげをあびて<br> へんしんするタイシツをもった<br> いちぞくなんじゃ<end><brk> うみのむこうでは バンパイヤとか<br> よばれているらしいがの。<end><brk> わしらは このタイシツのせいで<br> こんな ひとめのつかない ばしょで<br> かくれるように すんでいるのじゃ。<end><brk> オロチのこと・・・<br> いけにえのこと・・・<br> クヨウとうげのこと・・・<end><brk> これらについて はなすのは<br> カンベンしてくだされ。<end><brk> こうしていることも オロチには<br> たぶん つつぬけなんじゃ・・・<end><brk> じんじゃの さいせんばこの したに<br> まきものがある。<end><brk> それをよめば『りゅうの あぎと』は<br> ひらくはず ですじゃ。<end><brk> <name>さん おねがいします！<br> フミを たすけてくだされ！<end><brk> フミを たすければ いけにえの<br> シキタリも たちきれます。<end><brk> どうか フミを むらの のろわれた<br> サダメから すくってくだされ！」	
1143	14:$5E92	32	むらおさ「ん？ もういちど わしの<br> はなしをききますかの？」	
1144	14:$5EB3	21	<cEC:08>はなしをききますか？<br>▶はい<br> いいえ	
1145	14:$5ECC	93	ぱしりのゴン「うーっ こどものうちは<br> ほっさがおこるだけで へんしん<br> しちゃうんだなー。<end><brk> で、かいぶつになると なにも<br> おぼえていないんだなー。うーーっ」	
1146	14:$5F2A	96	だいくのキンジ「オトナになれば<br> ほっさもおきないし、へんしんしても<br> りせいを うしなわなくなるんだ。<end><brk> うちのあんちゃんみたいに なかなか<br> なおらないひとも いるけど・・・」	
1147	14:$5F8B	69	ロクロウ「ナギやタグラに おそわれ<br> ないよう きをつけるんだな。<end><brk> こどもたちは へんしんちゅうは<br> りせいが ないからな」	
1148	14:$5FD1	68	かんぬし「わしらは リーバしんこう<br> には えんどおいが・・・<end><brk> それでも クロンのかぜが<br> ふくことを いのりますぞ」	
1149	14:$6016	51	おかみ「ケヤキちゃんのこと さがさ<br> ないでね。<end><name>さんには<br> みられたくないと おもうから・・」	
1150	14:$604A	28	<cEC:08>さいせんばこを しらべますか？<br>▶はい<br> いいえ	
1151	14:$606A	17	<name>は さいせんばこを しらべた	
1152	14:$607C	37	コッパ「・・・まきもの あった？<end><br> え？ ないって？！<end> そんなっ！」	
1153	14:$60A2	66	おかみ「<name>さん。あの・・・<br> ケヤキちゃんなんだけど・・・<end><brk> ゆうべから もどってこないのよ。<br> どこいったのかしら？」	
1154	14:$60E5	33	おかみ「ケヤキちゃん どこ<br> いっちゃったんだろうねえ・・・」	
1155	14:$6107	31	フミのはは「<name>さん・・・<br> フミのこと おねがいします・・」	
1156	14:$6127	51	ぱしりのゴン「そこにいるのが<br> コッパなのか？<end> うーーっ<br> やっぱ くさそうだな・・・」	
1157	14:$615B	97	ロクロウ「のろわれた このカラダを<br> みられるたびに われわれのせんぞは<br> にげかくれてきた。<end><brk> そして いつしか このひみつを<br> まもることが 『テツのおきて』と<br> なったのだ」	
1158	14:$61BD	54	タグラ「きのうの よるのこと？<end><br> いつも ぐっすりと ねてるよ。<br> へんなゆめを みるけどね・・・」	
1159	14:$61F4	97	ナギ「『ふつう』や『むずかしい』へ<br> いくには そうこのいりぐちのよこの<br> カンバンに ちずがかいてあるから、<end><brk> それをみれば わかるよ。<br> フミちゃんのこと たのんだぜ！」	
1160	14:$6256	58	だいくのキンジ「ばあちゃん。そうこを<br> つくったから またハラが へっち<br> まったよ。くいもン ないかい？」	
1161	14:$6291	36	うらないオババ「ないねえ。<br> くさったおにぎり ぐらいしか・・」	
1162	14:$62B6	15	ケヤキ「あっ きがついた！」	
1163	14:$62C6	49	おかみ「ここは、ツキカゲむらだよ。<end><br> あんた、ここを でていったんじゃ<br> ないのかい？」	
1164	14:$62F8	30	ケヤキ「え？<end> むらから でられなく<br> なっちゃったの！」	
1165	14:$6317	32	おかみ「カッコよくでていったわりには<br> なんだかねえ・・・」	
1166	14:$6338	77	むらおさ「おお、どうしたのじゃ！<end><br> なに？ ツキカゲむらから<br> でられンじゃと？<end><brk> うむむむ。フシギなことが<br> おこるもんじゃ・・・」	
1167	14:$6386	125	かんぬし「なにっ！<br> むらから でれんとなっ！ うーむ。<end><brk> わしは、ダンジョンを たびする<br> ものに いつも じょげんを<br> あたえておる。<end><brk> なにについて ききたい？<end><br> ・・・と、いいたいところだが<br> これは、わしにもわからん」	
1168	14:$6404	57	フミのははおや「あっ <name>さん。<end><br> そのせつは ほんとうにおせわに・・<br> どうも ありがとうございました」	
1169	14:$643E	34	ぱしりのゴン「うーーっ なんだ。<br> あんた かえってきたのか」	
1170	14:$6461	69	ロクロウ「あれ？ もどってきたのか？<end><brk> そうか！ あんたも このむらの<br> にんげんになる けっしんが<br> ついたんだな。よしよし」	
1171	14:$64A7	41	だいくのマサ「あれ？ <name>さん<br> じゃないの。<end>どしたのよ<br> いったい・・・」	
1172	14:$64D1	62	だいくのキンジ「<nop>、<name>さん！<br> どうして・・・<end><brk> あっ・・・まさか ケヤキちゃんを<br> むかえに きたんじゃ・・・」	
1173	14:$6510	55	うらないオババ「ん？ どしたんじゃ？<end><br> あ！ まさか・・・<end>わしに<br> あいにきたのかの・・・ポッ」	
1174	14:$6548	27	タグラ「あ、おにいちゃんだ！<br> わーい わーい！」	
1175	14:$6564	27	フミ「あっ・・・どうしたの？<br> ・・・わすれもの？」	
1176	14:$6580	56	ナギ「あれ？ にいちゃんたち・・・<end><br> わかった！ モレそうに なったんで<br> ひきかえして きたんだろ！」	
1177	14:$65B9	10	ケヤキ「<name>さーん！」	
1178	14:$65C4	11	ケヤキ「はい これ！」	
1179	14:$65D0	12	<name>は<br><cE3:06>を もらった。	
1180	14:$65DD	63	ケヤキ「でられるといいわね。<end><br> ・・・けど、わたし <name>さんが<br> むらに もどってきて・・・<end><brk> うれしかった・・・」	
1181	14:$661D	26	こどもたち「ヒューヒューッ！！<br> あついねぇー！」	
1182	14:$6638	29	コッパ「ちぇ、ひやかしてやがる。<br> <name>、いこうぜ！」	
1183	14:$6656	33	ケヤキ「・・・だいじょうぶ？<end><br> あまり ムリしないでね」	
1184	14:$6678	51	おかみ「また もどってきたのかい？<br> あんた、このむらが よっぽど<br> すきなンだねえ・・・」	
1185	14:$66AC	48	むらおさ「まだ でられんのか！<end><br> うーむ フシギなことが おこる<br> もんじゃ・・・」	
1186	14:$66DD	65	だいくのマサ「え？ こんどきたら<br> ウチを たててやる？<end><br> おれ そんなこと いったっけ？<end><brk> ま、まあ そのうちな・・・」	
1187	14:$671F	52	うらないオババ「・・・で、わしと<br> あんたの しゅうげんは いつに<br> するのかの？・・・ポッ」	
1188	14:$6754	16	フミ「・・・また わすれもの？」	
1189	14:$6765	39	ナギ「またかい？<end> あんまり ガマン<br> すると からだに よくないぜ」	
1190	14:$678D	82	だいくのキンジ「・・・<name>さんは<br> ケヤキちゃんのこと むかえにきたん<br> じゃ なかったの？<end><brk> じゃ、ケヤキちゃん どうして<br> あんなに あかるく・・・」	
1191	14:$67E0	10	ケヤキ「<name>さーん！」	
1192	14:$67EB	137	ケヤキ「はい これ！<end> しきべつの<br> うでわっていう ものらしいの。<br> ずいぶん やくにたつって・・・<end>え？<end><brk> こっちには もっていけないの？！<end><br> そっかぁ・・・ざんねんね。<end><brk> わたし おうえんするぐらいしか<br> できないけど・・・<end>がんばってね！」	
1193	14:$6875	20	だいくのキンジ「ケヤキちゃん・・・」	
1194	14:$688A	59	おかみ「さっき キンジが ここきてさ<br> 『<name>さんに はなしがあるから<br> じんじゃ まで くるように』って」	
1195	14:$68C6	55	コッパ「おい <name>、あそこ！<end><br> あれ？ ケヤキちゃんも いるぜ。<br> なにか はなしているみたいだけど」	
1196	14:$68FE	33	<cF4>だいくのキンジ「いや そんでね、<br> じつは さあ・・・」	
1197	14:$6920	10	ケヤキ「・・・・・」	
1198	14:$692B	16	だいくのキンジ「なあ・・・」	
1199	14:$693C	19	だいくのキンジ「ね、どしたの？」	
1200	14:$6950	10	ケヤキ「・・・え？」	
1201	14:$695B	48	だいくのキンジ「いつもは もっと<br> しゃべるのにさ・・・なんか<br> <name>さん みたいだよ？」	
1202	14:$698C	42	ケヤキ「・・・・・・<end><br> そういって もらえるの・・・<br> すごく うれしい・・・」	
1203	14:$69B7	45	だいくのキンジ「ほんとうに スキだと<br> そのひとの クセって うつるんだ<br> よね」	
1204	14:$69E5	46	だいくのキンジ「・・・やっぱり<br> ケヤキちゃんは <name>さんの<br> ことを・・・<end>けどさ」	
1205	14:$6A14	57	ケヤキ「・・・<name>さんは ここの<br> にんげんじゃない。そして、ツキカゲ<br> むらを でていこうとしている・・」	
1206	14:$6A4E	178	だいくのキンジ「そ、そうさ。<br> まあ、いまは『でれない！』なんて<br> ダサいこと いってるけど・・・<end><brk> けど、オロチを たおすほどの<br> ひとだ。いつかは だっしゅつできる<br> だろうぜ。<end><brk> なのに ケヤキちゃんは、いつも<br> わらって みおくっている・・・<end><brk> どうして？ もう いっしょう<br> あえないかも しれないンだぜ？！」	
1207	14:$6B01	179	ケヤキ「・・・わたしだって<br> いっしょに ついていきたい、って<br> なんども おもったけど・・・<end><brk> けど ついていっても きっと<br> メイワクかける だけだろうし、<br> それに・・・<end><brk> わたし このむらでしか いきて<br> いけないし・・・<end><br> だから あきらめよう、って・・・<end><brk> スパーッと あきらめて なにもかも<br> わすれよう、って・・・」	
1208	14:$6BB5	62	だいくのキンジ「ケヤキちゃん いつも<br> えがおで みおくってるけど・・・<end><br> やっぱり おなかンなかでは・・」	
1209	14:$6BF4	20	だいくのキンジ「あ ケヤキちゃん！」	
1210	14:$6C09	52	だいくのキンジ「うーん すごい！<br> おれ かんどう しちゃった！<br> ますます ホレちゃったよ！」	
1211	14:$6C3E	227	だいくのキンジ「すごいよな！<br> オンナのひとって！<end><brk> あんな おもいを ひきずりながら<br> それでいて カラリと わらったり<br> できるんだから！<end><brk> おれが はいりこむヨチは やっぱ<br> なかったけど・・・けど、おれ<br> あきらめないからね。<end><brk> いつか あのコを ふりむかして<br> やるもンね・・・<end>なあんちゃって。<end><brk> いじょう、オンナごころを かってに<br> かいしゃくした バカな おとこの<br> ひとりごと でした。おわり」	
1212	14:$6D22	72	だいくのキンジ「あー でっかいこえ<br> だしたら すっきりした！<end><brk> さ、かえろ かえろ。<end><br> かえって・・・<end>ヤケぐいだっ！！」<br><cF3>	
1213	14:$6D6B	69	だいくのキンジ「がつがつがつがつ！<end><br> がつがつがつががつ！！<end><br> がつがつがつががつがつがつ！！！」	
1214	14:$6DB1	19	だいくのキンジ「・・・・・・・・」	
1215	14:$6DC5	39	コッパ「あれ？ アイテム こっちじゃ<br> つかえないって いわなかったけ？」	
1216	14:$6DED	36	ケヤキ「ううん？ ちがうわ。アイテム<br> とどけにきたんじゃないの」	
1217	14:$6E12	86	ケヤキ「<name>さん、あの・・<end><br> もし また むらに もどるよう<br> だったら・・・<end>そのときは、<end><brk> おまいりに つきあって？<end><br> わたし、じんじゃで まってるから」	
1218	14:$6E69	22	ケヤキ「じんじゃで・・・<end>まってます」	
1219	14:$6E80	30	ケヤキ「きてくれたんだ・・・<end><br> さ、おまいり しよ」<br><cF4>	
1220	14:$6E9F	12	ケヤキ「よし<end>、おわり」	
1221	14:$6EAC	46	ケヤキ「ありがとう。<br> つきあってくれて・・・<end>もう、<br> おもいのこすこと ないな・・・」	
1222	14:$6EDB	10	チョウモモ「ニャア」	
1223	14:$6EE6	15	コッパ「あっ、ノラネコ！」<cE7>	
1224	14:$6EF6	52	ケヤキ「このコ、たぶん タンモモの<br> きょうだいよ。<end>だから、チョウモモ<br> って なづけたの」<cE7>	
1225	14:$6F2B	237	ケヤキ「わたし、ノラネコが スキ。<br> とくに じゆうな ところが・・・<end><brk> ・・わたしね、じつは ものすごく<br> だいスキな ネコが いたんだけど、<end><brk> そのコね、もう ここには かえって<br> こないかも しれないの・・・<end><brk> かといって かいネコに おさまった<br> んじゃ そのコの いちばんのよさが<br> なくなるような きがして・・・<end><brk> ・・・でね、わたし こう<br> おもうことにしたの。<end><brk> あいたくなったら いつでもおいで、<br> って・・・」<cE7>	
1226	14:$7019	29	ケヤキ「わたしは いつも ここに<br> います・・・<end>って」<cE7>	
1227	14:$7037	54	ケヤキ「あ！ いけない！<br> わたし おかみさんに すぐに<br> もどるわ、って<end><brk> ・・・じゃあね」<br><cF3><cE7>	
1228	14:$706E	49	ケヤキ「<name>さんなら いつか<br> だっしゅつできる ひが くるわ。<br> ・・・がんばってね！」	
1229	14:$70A0	22	ナギ「ガ、ガマンできないよぉ・・・」	
1230	14:$70B7	32	ナギ「ううう。もれるまえに<br> たおれちゃうよ。たすけて・・・」	
1231	14:$70BE	25	。もれるまえに<br> たおれちゃうよ。たすけて・・・」	
1232	14:$70D8	13	フミ「・・・・・・・・・」	
1233	14:$70E6	12	フミ「たおれそう・・・」	
1234	14:$70F3	17	ポチ「ワン！ ワワン！ ワン！」	
1235	14:$7105	95	コッパ「おれは いつもフミちゃんに<br> ナデナデしてもらっていた オンギ<br> がある。<end><brk> だから おれも たすけたいんだ。<br> なかまにしてくれ・・・だってさ。<br> どうする？」	
1236	14:$7165	25	<cEC:08>ポチを なかまにしますか？<br>▶はい<br> いいえ	
1237	14:$7182	21	<cE0:28>いぬのポチが なかまになった！<mode1>ッ	
1238	14:$7198	14	ポチ「ワワワワワーーン！」	
1239	14:$71A7	43	コッパ「たすけが ほしいときは<br> いつでも こえかけてくれ・・・<br> だってさ」	
1240	14:$71D3	34	ポチ「ワン！ ワワン！ ワン！<br> （おれも なかまにしてくれ！）」	
1241	14:$71F6	121	コッパ「おれは いつもフミちゃんに<br> ナデナデしてもらっていた オンギ<br> がある。<end><brk> だから おれも たすけたいんだ。<br> なかまにしてくれ・・・<end><brk> と おもったけど すでになかまが<br> いるなら いいや・・・だってさ」	
1242	14:$7270	67	ポチ「ワン！ ワワン！ ワン！<br> （おれも なかまにしてくれ・・<end><brk> と おもったけど すでになかまが<br> いるなら いいや）」	
1243	14:$72B4	22	ポチ「ワン！<br> （がんばろうぜ！）」	
1244	14:$72CB	30	ポチ「ワン、ワワン！<br> （<var>なら、おれに<br> まかせろ！）」	
1245	14:$72EA	26	ポチ「クウン・・・<br> （もう ダメだ・・・）」	
1246	14:$7305	11	ニワトリ「コケーッ！」	
1247	14:$7311	158	コッパ「ワタシは しじょうさいきょう<br> のニワトリッ。<end>はっきりいって<br> ワタシは つよいッ！<end><brk> いままで だまって みてきたけど<br> むらびとの だらしなさときたら<br> もう あきれかえるワ！<end><brk> むらびとたちが いかないのなら<br> このワタシが なかまになるッ！・・<br> だってさ。どうする？」	
1248	14:$73B0	26	<cEC:08>ニワトリを なかまにしますか？<br>▶はい<br> いいえ	
1249	14:$73CE	19	<cE0:28>ニワトリが なかまになった！<mode1>ッ	
1250	14:$73E2	45	ニワトリ「コケーッ！<br> （ワタシは さいきょうのニワトリ。<br> なかまとして つれてけ！）」	
1251	14:$7410	184	コッパ「ワタシは しじょうさいきょう<br> のニワトリッ。<end>はっきりいって<br> ワタシは つよいッ！<end><brk> いままで だまって みてきたけど<br> むらびとの だらしなさときたら<br> もう あきれかえるワ！<end><brk> むらびとたちが いかないのなら<br> このワタシが なかまになるッ！・・<end><brk> と おもったけど すでになかまが<br> いるなら いいや・・・だってさ」	
1252	14:$74C9	78	ニワトリ「コケーッ！<br> （ワタシは さいきょうのニワトリ。<br> なかまとして つれてけ！<end><brk> と おもったけど すでになかまが<br> いるなら いいっ！）」	
1253	14:$7518	33	ニワトリ「コッコッコッコッ！<br> （ムテキのちからをみせてやる！）」	
1254	14:$753A	48	ニワトリ「コケーッ！ コケーッ！<br> （<var>など、しょせん<br> ザコッ！ オロチを だせッ！）」	
1255	14:$756B	53	ニワトリ「ゴフッ、コケコケコ・・・<br> （グフッ このワタシも ついに<br> ちからつきるときが・・・）」	
1256	14:$75A1	44	タンモモ「ニャーニャー<br> （ワガハイは、ぺケネコでし。<br> なかまに しましか？）」	
1257	14:$75CE	26	<cEC:08>タンモモを なかまにしますか？<br>▶はい<br> いいえ	
1258	14:$75EC	51	タンモモ「ニャーン！（ワガハイは<br> ぺケネコでし。タンモモ？・・・<br> ヘンな なまえでし！）」	
1259	14:$7620	36	タンモモ「ニャン、ニャニャン！<br> （<var>なんて<br> ちょろいもンでし！）」	
1260	14:$7645	52	タンモモ「ニャニャ？ ニャー！<br> （ありゃ？ けど、そんなとこに<br> いるほうが わるいンでし！）」	
1261	14:$767A	30	タンモモ「ニャニャニャー・・・<br> （しにそうでし・・・）」	
1262	14:$7699	22	<cE0:28>ネコのタンモモが なかまになった！<mode1>ッ	
1263	14:$76B0	15	タンモモ「フギャーーーッ！」	
1264	14:$76C0	78	タンモモ「ニャーニャー<br> （ワガハイは、ぺケネコでし。<br> なかまに しましか？<end><brk> と おもったけど すでになかまが<br> いるなら いいでし）」	
1265	14:$770F	58	タンモモ「ニャーニャー<br> （あれから とっくんして すこしは<br> つよく なったでし。<end><brk> なかまに しましか？）」	
1266	14:$774A	66	タンモモ「ニャーニャー<br> （もう クヨウとうげでは てきは<br> いないぐらい つよくなったでし。<end><brk> なかまに しましか？）」	
1267	14:$778D	29	こどもマムル「ぼくも つれていって<br> くれよう・・・」	
1268	14:$77AB	17	こどもマムル「こわいよう・・・」	
1269	14:$77BD	21	こどもマムル「もう・・・ダメだ・・」	
1270	14:$77D3	41	こどもマムル「たすけてくれて<br> ありがとう。<end>おれいに これ<br> あげるよ！」	
1271	14:$77FD	12	<name>は、<cE3:FD>を<br>もらった！	
1272	14:$780A	20	こどもマムル「じゃあね。さようなら」	
1273	14:$781F	48	こどもマムル「たすけてくれて<br> ありがとう。<end>おれいに これを<br> そうこに おくっておくよ」	
1274	14:$7850	93	こどもマムル「たすけてくれて<br> ありがとう。<end>おれいに なにか<br> あげたいけど・・・<end><brk> もちものも そうこも いっぱい<br> だから わたせないや。<br> じゃあね。さようなら」	
1275	14:$78AE	16	<name>は、マムルのけんを<br>もらった！	
1276	14:$78BF	16	<name>は、マムルのたてを<br>もらった！	
1277	14:$78D0	16	<cEC:04>フミは、ねむっている。<br> <br>	
1278	14:$78E1	17	<cEC:04>ナギは、ねむっている。<br> <br>	
1279	14:$78F3	17	<cEC:04>ポチは、ねむっている。<br> <br>	
1280	14:$7905	18	<cEC:04>ニワトリは、ねむっている。<br> <br>	
1281	14:$7918	18	<cEC:04>タンモモは、ねむっている。<br> <br>	
1282	14:$792B	21	<cEC:04>こどもマムルは、ねむっている。<br> <br>	
1283	14:$7941	42	コッパ「ちょっと『りゅうの あぎと』<br> を しらべてから ここをでようぜ」	
1284	14:$796C	17	コッパ「<name>、むらにもどろう！」	
1285	14:$797E	42	コッパ「なあ <name>、おもいきって<br> むらおさに むらのひみつを きいて<br> みようよ」	
1286	14:$79A9	43	コッパ「とりあえず 『ととや』で<br> ひとやすみして、よるになるのを<br> まつか！」	
1287	14:$79D5	34	コッパ「やけに しずかだな・・・<br> だれも いないのかな？」	
1288	14:$79F8	37	コッパ「<name>！ じんじゃだ！<br> さいせんばこを しらべようよ！」	
1289	14:$7A1E	64	コッパ「そういえばオイラ、どうぶつの<br> コトバが わかるンだ。むらにいる<br> どうぶつに はなしかけてみようよ」	
1290	14:$7A5F	21	コッパ「とりあえず きたけど・・・」	
1291	14:$7A75	30	コッパ「はやいとこ フミちゃんを<br> つれて かえろうぜ」	
1292	14:$7A94	39	コッパ「あとは、 フミちゃんを<br> たすけるだけだ。がんばろうぜ！」	
1293	14:$7ABC	26	コッパ「どうなってんだ？！<br> いったい・・・」	
1294	14:$7AD7	35	コッパ「なんだか ここからでるの<br> たいへんみたいだな・・・」	
1295	14:$7AFB	47	コッパ「キンジのやつ・・・<br> ケヤキちゃんの ホンネをきかせる<br> ために ワザと・・・」	
1296	14:$7B2B	48	コッパ「ケヤキちゃん、じんじゃで<br> まってるって いってたけど・・・<br> どうする？」	
1297	14:$7B5C	31	コッパ「さっきのノラネコ・・・<br> どっか いっちゃったな」	
1298	14:$7B7C	36	コッパ「・・・なあ、オイラたち<br> いつになったら でれるンだろ？」	
1299	14:$7BA1	32	コッパ「あいかわらず おっかなそうな<br> ところだな・・・」	
1300	14:$7BC2	47	コッパ「ブルル・・・なんか<br> おっかない ところだったな。<br> はやいとこ かえろうぜ」	
1301	14:$7BF2	16	コッパ「・・・<name>、いこうぜ」	
1302	14:$7C03	11	コッパ「・・・・・」	
1303	14:$7C78	14	ふつうをポチをつれてクリア	
1304	14:$7C87	15	ふつうをタンモモをつれてクリア	
1305	14:$7C97	15	ふつうをニワトリをつれてクリア	
1306	14:$7CA7	17	むずかしいをポチをつれてクリア	
1307	14:$7CB9	18	むずかしいをタンモモをつれてクリア	
1308	14:$7CCC	18	むずかしいをニワトリをつれてクリア	
1309	14:$7CDF	17	ツキカゲむらからだっしゅつした	
1310	14:$7CF1	17	ぼうけんが1000かいをこえた	
1311	14:$7D03	19	90000ギタンいじょうでクリア	
1312	14:$7D17	10	0ギタンでクリア	
1313	14:$7D22	21	さいだいまんぷくど200％でクリア	
1314	14:$7D38	22	さいだいまんぷくど10％いかでクリア	
1315	14:$7D4F	11	ちから1でクリアした	
1316	14:$7D5B	12	HPさいだいでクリア	
1317	14:$7D68	10	レベル1でクリア	
1318	14:$7D73	19	すべてごうせいしたぶきをつくった	
1319	14:$7D87	18	すべてごうせいしたたてをつくった	
1320	14:$7D9A	17	ひけんカブラステギをてにいれた	
1321	14:$7DAC	15	らせんフウマのたてをてにいれた	
1322	14:$7DBC	16	ちからが30いじょうになった	
1323	14:$7DCD	15	レベルがさいだいになった	
1324	14:$7DDD	9	てんしゅをたおした	
1325	14:$7DE7	18	くさったおにぎりをたべてたおれた	
1326	14:$7DFA	11	おとしあなでたおれた	
1327	14:$7E06	10	どくやでたおれた	
1328	14:$7E11	10	おおいわでたおれた	
1329	14:$7E1C	16	ねむっているあいだにたおされた	
1330	14:$7E2D	9	マムルにたおされた	
1331	14:$7E37	13	こどもマムルにたおされた	
1332	14:$7E45	16	999999ギタンもってクリア	
1333	14:$7E56	10	タンモモにたおされた	
1334	14:$7E61	9	ポチにたおされた	
1335	14:$7E6B	10	ニワトリにたおされた	
1336	14:$7E76	11	にせシレンにたおされた	
1337	14:$7E82	21	えんとうをはめてごうせいツボをなげた	
1338	14:$7E98	7	ふつうをクリア	
1339	14:$7EA0	20	ふつうをどうぐをもちださずクリア	
1340	14:$7EB5	10	むずかしいをクリア	
1341	14:$7EC0	23	むずかしいをどうぐをもちださずクリア	
1342	14:$7ED8	12	こどもマムルをたすけた	
1343	14:$7EE6	294	      0            かょ    か  E   ょ せ       30に  か  か    0？に1   ？ょ 3    7 ょ3に     に 73   か        <$88>                    ？                  ょ ょょ      ？ □  0  ほ     か  か  ょ ょ  3 こ      ょ       0         は   1 か せょ？   3 ： ？ ょょ       か？   0   かか 0  か        ょ        73  7     0           お  ェカミえフミフャミ	
1344	30:$7EC3	2	のむ	
1345	30:$7EC6	2	よむ	
1346	30:$7EC9	2	ふる	
1347	30:$7ECC	2	みる	
1348	30:$7ECF	4	たべる	
1349	30:$7ED4	4	そうび	
1350	30:$7ED9	3	いれる	
1351	30:$7EDD	2	おす	
1352	30:$7EE0	4	なげる	
1353	30:$7EE5	2	おく	
1354	30:$7EE8	2	かく	
1355	30:$7EEB	4	せつめい	
1356	30:$7EF0	2	うつ	
1357	30:$7EF3	3	なまえ	
1358	30:$7EF7	4	こうかん	
1359	30:$7EFC	0		
1360	30:$7EFD	0		
1361	30:$7EFE	3	ひろう	
1362	30:$7F02	4	はずす	
1363	30:$7F07	0		
1364	30:$7F08	3	だす	
1365	31:$41D0	3	おかね	
1366	31:$41D4	7	とうたつちてん	
1367	31:$41DC	5	なんいど	
1368	31:$41E9	12	けんのつよさ  ▌ちから	
1369	31:$41F6	14	たてのつよさ  ▌けいけんち	
1370	31:$422F	5	どれを？	
1371	31:$423C	15	  アイテムを もっていません	
1372	31:$4261	19	カタカナ  すすむ もどる  おわる	
1373	31:$4275	18	あいうえお はひふへほ  ぁぃぅぇぉ	
1374	31:$4288	18	かきくけこ まみむめも  ゃゅょっー	
1375	31:$429B	18	さしすせそ や ゆ よ  01234	
1376	31:$42AE	18	たちつてと らりるれろ  56789	
1377	31:$42C1	18	なにぬねの わをん<$C2><$C3>  ＋−［］？	
1378	31:$42DB	20	ひらがな  すすむ もどる  おわる	
1379	31:$42F0	18	アイウエオ ハヒフヘホ  ァィゥェォ	
1380	31:$4303	18	カキクケコ マミムメモ  ャュョッー	
1381	31:$4316	18	サシスセソ ヤ ユ ヨ  01234	
1382	31:$4329	18	タチツテト ラリルレロ  56789	
1383	31:$433C	18	ナニヌネノ ワヲン<$C2><$C3>  ＋−［］？	
1384	31:$4356	5	どうぐ	
1385	31:$436A	19	これいじょう なまえをつけられません	
1386	31:$4385	3	ツボ	
1387	31:$4390	4	あしもと	
1388	31:$43A3	5	 とじる	
1389	31:$43A9	4	 おわる	
1390	31:$43B5	5	 とじる	
1391	31:$43BB	6	 でぐち	
1392	31:$43C2	4	 おわる	
1393	31:$43DC	7	 つづきから	
1394	31:$43E4	10	 ツキカゲむらから	
1395	31:$440B	4	 いいえ	
1396	31:$4410	3	 はい	
1397	31:$441B	5	 やさしい	
1398	31:$4421	4	 ふつう	
1399	31:$4426	7	 むずかしい	
1400	31:$4435	15	だい   もん  なんいど	
1401	31:$4453	19	 どのもんだいを えらぶアルか？	
1402	31:$446E	3	 くさ	
1403	31:$4472	5	 まきもの	
1404	31:$4478	3	 つえ	
1405	31:$447C	4	 つぼ	
1406	31:$4481	6	 たべもの	
1407	31:$448F	4	 ぶき	
1408	31:$4494	3	 たて	
1409	31:$4498	5	 うでわ	
1410	31:$449E	2	 や	
1411	31:$44A1	4	 そのた	
1412	31:$44BB	14	あいてむをかくほできません	
1413	31:$44D1	16	まだパスワードはありません	
1414	31:$44F7	12	ふうらいにんばんづけ	
1415	31:$4526	5	はじめて	
1416	31:$452C	21	 『ふしぎのダンジョン』を するひと	
1417	31:$4549	8	 クヨウとうげ	
1418	31:$4552	13	 ツキカゲむらでぐち	
1419	31:$4567	20	『ふしぎのダンジョン』シリーズを	
1420	31:$457C	19	       やったことが あるひと	
1421	31:$459E	16	スーファミ『ふうらいのシレン』を	
1422	31:$45AF	19	     クリアーしたことがあるひと	
1423	31:$45CA	10	 ツキカゲむらから	
